0,1,2,0,12,1,1688,1688,574,2014846,2
0,5,18,2,0,0,3059,3059,1493,1665099,3
0,2,11,1,4,12,19091,19091,17352,17328422,2
0,57,11,3,58,4,12231,12231,658,45758503,3
0,0,14,1,0,0,39,39,236,29196,2
0,0,1,0,5,7,157,157,1123,446847,1
0,1,6,0,9,31,5,5,472,12013,1
0,5,2,4,40,11,1017,1017,154,1089302,2
0,0,9,0,0,0,24,24,184,23586,1
0,0,22,0,2,4,39,39,4,2449,1
0,0,18,0,2,0,5055,5055,79721,302878621,1
0,2,14,1,1,0,5661,5661,283,24162682,3
0,0,1,0,0,0,47,47,231,73534,1
0,2,2,1,11,1,5093,5093,1661,1046457,2
0,0,10,0,22,8,14,14,119,7213,2
0,36,2,4,522,2,502,502,115,1100587,3
0,40,3,10,25,14,57908,57908,865,56621538,3
0,0,19,0,1,0,0,0,5,73,1
0,311,9,24,5,11,12381,12381,202,5887663,3
0,0,4,0,0,0,0,0,27,2961,1
0,1,16,0,0,0,0,0,165,12606,1
0,0,17,0,39,4,35,35,74,3224,1
0,5,3,4,5,1,10030,10030,863,5348315,3
0,31,7,3,0,0,1581,1581,116,2788514,3
0,6478,12,1114,0,0,130,130,121,1055852,3
0,3,3,5,22,2,8972,8972,983,6487275,3
0,0,18,0,2,0,428,428,1157,4261820,2
0,8,9,2,1,0,8880,8880,2270,38614062,2
0,0,10,0,2,0,377,377,20141,265654,2
0,1,3,0,4,0,1787,1787,1125,10755684,2
0,0,6,0,0,1,0,0,4,35,1
0,5,11,0,111,1,518,518,238,2342103,2
0,0,6,0,46,132,233,233,1030,1892610,1
0,0,14,0,0,0,2,2,44,3219,1
0,1,11,0,11,1,4563,4563,1142,13055242,3
0,0,11,0,0,1,12,12,181,22751,1
0,0,12,0,7,3,0,0,1481,45290,1
0,13,8,4,7,17,9496,9496,146,1409395,2
0,0,17,0,14,33,14,14,76,211671,1
0,29,3,9,9,2,4917,4917,142,928306,3
0,0,13,0,0,0,1,1,16,1750,1
0,3,8,0,0,0,10,10,208,205892,2
0,0,16,0,110,0,624,624,986,10268331,2
0,66,3,57,6,1,27046,27046,1440,54781509,3
0,0,16,0,134,565,145,145,27,839,1
0,1,16,0,32,127,115,115,470,166205,1
0,1,7,1,158,0,97,97,204,17267,2
0,140,3,96,28,11,80263,80263,589,22917932,3
0,1,20,0,103,8,88,88,433,32788,1
0,0,15,0,17,34,365,365,664,2689270,1
0,0,13,0,0,0,0,0,7,88,1
0,0,21,0,0,0,0,0,9,308,1
0,32,11,1,20,7,763802,763802,44339,1662424274,3
0,0,14,0,1,0,7,7,10,5643,2
0,3,10,0,7,0,2,2,24,2356,1
0,0,16,0,101,2838,2190,2190,2997,37331045,1
0,6,20,8,12,2,877,877,34,250321,2
0,0,22,0,0,0,4,4,79,528,1
0,6,15,0,17,4,7,7,37,14145,3
0,8,2,14,82,55,808,808,239,73513,2
0,0,18,0,8376,12,1421,1421,89,6867,2
0,4,1,0,2,0,67,67,181,49255,2
0,2,2,2,19,1,50,50,49,267587,2
0,2,11,0,1,1,6,6,88,14155,2
0,27,8,8,2,4,11117,11117,700,4431629,3
0,2,2,0,3,0,87,87,590,568057,2
0,0,10,0,2,0,9,9,59,13140,2
0,15,3,6,26,5,11029,11029,2260,15346449,3
0,0,18,0,2,0,3610,3610,44568,136982505,1
0,4,8,5,1614,6343,6982,6982,2324,4918592,2
0,0,10,0,0,0,0,0,40,4434,2
0,1,17,2,16,1,20,20,48,1548,1
0,0,1,0,1,0,299,299,179,21910,1
0,0,11,0,0,0,0,0,24,2172,2
0,7,11,1,635,4,5495,5495,1772,28745492,2
0,0,15,0,144,10,1291,1291,9424,8628253,1
0,34,2,52,499,59,6427,6427,208,2757965,3
0,0,5,0,1,0,360,360,479,671991,1
0,412,3,174,59,0,33306,33306,680,9404195,3
0,0,9,0,242,0,358,358,163,4031070,1
0,6,18,2,0,0,3753,3753,1332,7801989,2
0,0,5,0,226,1,9611,9611,5870,48416921,1
0,4,18,1,3,0,24497,24497,313937,1660335653,3
0,5,18,0,2,2,2904,2904,1136,17808671,3
0,0,21,0,5,14,0,0,32,134,1
0,0,18,0,0,0,1144,1144,1166,9520807,1
0,0,7,0,0,0,4,4,218,13610,1
0,3,8,4,48,1,57,57,52,5200,2
0,0,10,0,0,0,0,0,21,925,2
0,0,7,0,1,0,5697,5697,2164,43732743,2
0,0,2,0,7,1,5764,5764,9340,3020723,1
0,0,1,0,3,9,0,0,117,2155,1
0,0,18,0,4,0,6367,6367,101773,186587981,1
0,3,1,6,3346,5,554,554,143,11144,1
0,1,20,0,6,5,258,258,1112,343258,1
0,0,5,0,100,132,111,111,2032,84938,1
0,45,11,14,11,0,7375,7375,15201,121647554,3
0,0,17,0,1,1,1,1,37,1525,1
0,22,10,8,97,7,10186,10186,104,234952,2
0,0,6,0,0,0,0,0,16,158,1
0,0,17,0,0,2,2,2,22,2407,2
0,3,10,4,149,5,1566,1566,310,1115855,2
0,2,10,0,184,1,131,131,103,51982,2
0,0,7,0,5,8,1,1,36,2226,2
0,0,10,0,75,40,75,75,648,119141,2
0,0,16,0,5147,2,581,581,197,62431,2
0,1,10,3,5,1,4,4,11,602,1
0,0,22,0,10,3,1084,1084,355,1082711,1
0,39,3,7,2,0,5585,5585,518,1472378,3
0,87,3,24,13,0,27542,27542,1689,11841841,3
0,0,13,0,9,4,142,142,2341,279488,1
0,12,11,10,13,0,54,54,182,62801,3
0,2,4,1,92,12,63114,63114,4580,141867720,2
0,319,3,210,3,1,51415,51415,425,90131760,3
0,0,7,0,28,0,82,82,211,77327,1
0,0,16,0,0,0,1,1,19,288,1
0,0,1,0,0,0,0,0,2,31,1
0,0,6,0,0,0,6,6,1153,293612,1
0,0,21,0,0,1,0,0,168,979,1
0,11,18,0,131,0,5704,5704,3682,4159520,3
0,0,13,0,6,23,5,5,103,5409,1
0,0,15,0,0,1,2,2,39,6348,1
0,0,16,0,11,1,24,24,820,49532,1
0,0,18,0,0,1,55,55,2714,167796,1
0,1,18,0,61,0,1181,1181,2990,11915890,2
0,0,5,0,0,0,0,0,17,642,1
0,1,13,1,7,1,1123,1123,549,1546687,1
0,1,16,0,0,1,154,154,1044,857826,2
0,17,7,27,1834,26,1633,1633,520,2946439,3
0,32,7,126,6,0,11472,11472,354,22147809,3
0,2,6,1,144,1,2265,2265,1287,6964558,2
0,7,2,11,3,0,1329,1329,128,154174,2
0,0,1,0,388,11,368,368,71,20327,1
0,43,3,17,26,134,45491,45491,1539,41141465,3
0,1,10,1,88,0,760,760,1204,1597510,2
0,0,21,0,0,4,0,0,41,633,1
0,0,16,0,0,0,231,231,2150,1099609,1
0,0,2,1,16,5,7869,7869,6256,20328781,2
0,0,6,0,0,0,0,0,226,710,1
0,4,18,0,2,0,418,418,1146,1624343,2
0,2,9,0,21,10,2,2,31,3777,2
0,0,20,0,0,0,22,22,279,10190,1
0,128,3,22,8,0,18562,18562,1290,4538169,3
0,3,12,2,13,12,197,197,1955,528874,3
0,1,14,0,0,0,0,0,9,16480,1
0,0,17,0,14,11,4,4,89,11332,2
0,1,18,0,5,7,1064,1064,3292,3095118,2
0,50,3,29,311,1,3148,3148,369,1114530,3
0,2,22,0,17,6,465,465,1034,52243,1
0,10,17,0,10,2,1372,1372,905,1868648,3
0,0,6,0,2,2,0,0,584,6760,1
0,539,3,145,4,0,51611,51611,361,9708041,3
0,1,18,1,0,783,2452,2452,18262,40054262,2
0,276,3,87,17,20,41534,41534,367,15230406,3
0,0,7,0,0,0,0,0,31,513,1
0,76,3,26,39,4,87223,87223,1014,19534220,3
0,4,8,5,0,0,16009,16009,4187,8028654,3
0,7,10,9,4,10,2715,2715,468,14106453,2
0,0,18,0,0,0,1976,1976,32344,52330586,2
0,3,11,0,0,0,45,45,681,355416,2
0,1,8,0,0,4,3,3,46,65844,2
0,0,17,0,0,0,1,1,108,2065,1
0,0,11,0,0,1,29,29,155,29673,2
0,0,7,0,6,0,936,936,880,1125252,2
0,0,1,0,0,0,2,2,25,2807,2
0,51,11,12,0,0,746,746,425,234157,3
0,4,7,1,6,1,126,126,769,395589,1
0,10,10,1,10,0,6485,6485,112,40622185,3
0,4,16,0,29,7,705096,705096,3946,2051207609,2
0,2,7,0,15,1,326,326,307,1246808,2
0,20,3,0,889,1,2208,2208,697,8127304,3
0,0,2,0,11,6,1634,1634,21540,3063955,1
0,127,3,54,1640,87,63017,63017,2463,44770401,3
0,1,1,0,5,0,299,299,4299,531065,1
0,0,9,0,2,0,707,707,58,772457,1
0,0,22,0,0,0,0,0,841,1890,1
0,0,6,0,105,0,207,207,935,781500,2
0,68,3,14,38,4,2549,2549,299,1255892,3
0,59,9,20,62,0,526,526,208,427106,3
0,1,10,0,3,0,41,41,117,186362,2
0,2,11,1,68,191,18,18,375,17972,1
0,36,7,18,11,54,819,819,253,394336,3
0,21,2,6,19,2,5248,5248,3559,8770531,3
0,0,9,0,0,0,0,0,77,673,1
0,44,3,28,90,16,36353,36353,337,8688694,3
0,0,14,1,4,1,3355,3355,13294,14432923,1
0,2,12,8,27,5,336,336,104,22490,2
0,8,8,3,1,4,3,3,17,2169,2
0,3,10,3,8,0,61,61,22,3475,2
0,2,20,0,2,66,2437,2437,767,29118246,2
0,10,11,1,21,1,84,84,368,281933,3
0,5,22,3,0,0,2532,2532,1881,420734,2
0,0,14,0,12,3,557,557,2478,2175507,1
0,0,9,0,56,34,635,635,19983,1429959,1
0,2,8,2,1,2,73,73,133,242776,2
0,2,3,4,1,0,134,134,72,75053,2
0,0,9,0,7,0,185,185,332,648485,2
0,0,6,0,3,2,19,19,176,39317,1
0,0,16,0,5,0,34,34,164,65865,1
0,1,16,0,254,22,13545,13545,2806,20479135,1
0,0,5,0,43,22,3,3,162,27615,1
0,0,11,0,96,3,3109,3109,4981,32166976,2
0,0,3,1,1,0,216,216,160,90394,2
0,2,11,0,1,0,5,5,22,39857,3
0,0,9,0,9980,0,1586,1586,714,215772,2
0,71,3,33,24,2,16869,16869,313,1656693,3
0,3,9,0,13,15,6414,6414,3300,9117898,2
0,0,18,0,0,0,351,351,20439,716501,1
0,2,3,1,13,0,78,78,50,15083,3
0,0,13,0,0,2,0,0,28,863,1
0,47,3,23,0,0,27740,27740,718,33160263,3
0,1,15,1,0,1,38,38,70,38678,2
0,0,5,0,0,2,8,8,654,41441,1
0,0,13,0,0,4,7,7,72,5430,1
0,0,10,0,132,29,9,9,26,8965,2
0,0,8,0,58,2,26,26,98,2421,2
0,3,2,0,0,0,34,34,70,140021,1
0,5,3,0,0,0,36,36,321,323849,2
0,0,17,0,28,93,0,0,19,1393,1
0,1,8,0,8,0,16,16,527,29290,2
0,5,11,0,15,2,748,748,1748,8972908,3
0,0,17,4,103,19,717,717,221,99544,1
0,1,18,0,13,1,916,916,8710,5906148,1
0,1,1,2,102,428,5907,5907,6119,13446789,1
0,0,17,0,1,0,12,12,513,87610,1
0,1,9,0,12,0,566,566,1641,826696,1
0,0,16,0,6,0,11,11,220,94000,2
0,5,20,6,63,21,5136,5136,2439,4339549,2
0,0,14,0,1,0,113,113,101,116828,1
0,3,11,0,31,0,322,322,1043,1382796,2
0,0,13,0,0,0,0,0,17,185,1
0,1,2,0,1720,26,792,792,958,850768,2
0,2,17,0,7,0,734,734,491,3129365,2
0,0,4,0,35,17,206,206,191,10406968,1
0,3,8,0,85,0,800,800,1951,8625375,2
0,0,21,0,0,0,0,0,12,693,1
0,0,22,0,0,0,31,31,120,15228,2
0,15,12,19,4,17,274,274,19,97716,2
0,0,12,0,0,0,0,0,290,750,1
0,0,1,0,0,0,4,4,1022,3017,1
0,4,17,0,18,0,794,794,259,3902944,2
0,0,16,0,2,2,8,8,32,6825,1
0,0,22,0,0,0,7,7,58,535,1
0,84,7,11,1,0,14416,14416,1301,260659952,3
0,1,10,1,1,6,38,38,95,26730,2
0,4,8,0,4,19,51,51,801,64842,2
0,1,2,0,11,4,10322,10322,1942,2392662,2
0,6,8,0,17,16,10,10,60,26757,2
0,13,6,20,1,0,2539,2539,254,375286,3
0,2,1,2,1,56,0,0,6,809,2
0,0,1,0,0,0,0,0,3,1013,2
0,2,20,0,59,1,99,99,139,128195,1
0,5,11,0,8,33,4183,4183,135,3085522,3
0,42,7,9,18,0,17843,17843,71573,1219156824,3
0,0,21,0,23,31,1064,1064,287,2224546,1
0,0,10,0,0,1,23,23,75,668127,2
0,13,8,43,549,1,772,772,406,211834,2
0,0,10,0,0,0,0,0,6,1434,3
0,0,13,0,15,39,9,9,358,15648,1
0,189,2,89,643,15,10303,10303,282,5330493,3
0,0,12,1,0,0,7,7,63,5847,1
0,0,1,0,2,1,0,0,29,2138,1
0,5,8,2,10,9,473,473,162,1116140,2
0,0,19,0,0,0,0,0,6,57,1
0,0,7,0,8,16,187,187,389,95910,1
0,8,8,2,5,1,332,332,708,1675341,2
0,1,9,0,6,13,7,7,162,12369,2
0,6,3,1,59,135,1132,1132,398,1145064,3
0,0,1,0,6,35,211,211,3769,339826,2
0,0,18,0,653,142,1189,1189,1256,3762178,1
0,11,16,103,6,0,3255,3255,306,2841667,3
0,9,20,43,5,3,2811,2811,2393,17884919,3
0,1,8,0,37,155,106,106,5322,557488,2
0,0,16,0,271,2,20,20,675,5360,1
0,2,1,0,92,3,1375,1375,1082,220158,1
0,0,10,0,1,17,5,5,19,853,1
0,0,13,0,0,0,11,11,288,14209,1
0,1,21,0,0,3,0,0,13,567,1
0,0,17,0,3,2,14,14,100,60527,1
0,5,10,15,314,12,1523,1523,205,578413,2
0,5,3,1,1,0,1443,1443,227,3292867,3
0,6,3,2,3,1,20672,20672,598,12965002,3
0,0,20,0,0,0,0,0,7,92,1
0,25,11,1,0,1,75,75,194,78303,3
0,0,14,0,1,0,1,1,157,10195,1
0,0,16,0,8,0,1,1,63,3872,1
0,0,18,0,19,0,59,59,1917,226970,1
0,0,20,0,0,2,0,0,92,2624,1
0,6,6,2,6,1,21642,21642,3796,25926782,2
0,47,24,30,17,0,30280,30280,211,60717977,3
0,11,3,2,15,1,437,437,101,43623,2
0,14,3,4,6,0,5408,5408,347,3307410,3
0,0,8,0,23,9,66,66,118,4695743,3
0,1467,3,482,45,5,332029,332029,627,81295543,3
0,3,3,3,710,2,74796,74796,405,7150167,3
0,1,11,0,292,0,2812,2812,669,4548740,2
0,0,21,0,0,0,19,19,2959,61678,1
0,1,9,0,30,5,30,30,66,9988,1
0,15,3,3,314,129,4081,4081,283,4954203,3
0,0,13,0,0,0,0,0,453,1853,1
0,0,5,0,0,0,0,0,13,949,1
0,3,3,0,11,0,20,20,51,52289,3
0,0,18,0,0,0,6487,6487,25999,72999244,1
0,0,15,0,5,0,5759,5759,1778,14971931,1
0,9,17,0,2,0,12,12,19,12065,3
0,2,11,0,0,0,323,323,64,323692,2
0,2,17,11,1946,3,1241,1241,219,29147,1
0,0,10,0,2,1,0,0,27,437,1
0,2,18,0,3,0,726,726,5741,2134521,2
0,0,2,7,0,0,2482,2482,188,571457,2
0,19,3,2,298,2,386,386,317,600935,3
0,0,22,0,17,3,1926,1926,11283,8819426,1
0,0,11,0,3,0,31,31,2386,366321,2
0,0,20,0,0,0,27,27,790,75904,1
0,0,12,0,10,14,0,0,13,118,1
0,0,5,0,0,1,0,0,3,231,1
0,1,2,3,2,74,290,290,132,216606,2
0,129,2,67,110,79,11693,11693,193,3431857,3
0,0,18,0,0,0,15,15,500,56179,1
0,1,21,0,1,0,4,4,41,13293,2
0,0,2,5,433,0,306,306,168,54178,2
0,0,14,0,1,13,3,3,36,2815,2
0,0,17,0,10,16,3,3,82,1395,1
0,0,5,0,0,0,0,0,21,61,1
0,0,22,0,0,0,5,5,115,1075,1
0,55,3,14,35,4,2146,2146,141,164373,3
0,1,12,0,4,1,637,637,289,136297,2
0,0,20,0,15,1,7,7,135,3155,1
0,1,8,0,4,4,1660,1660,3431,2638052,2
0,0,1,0,0,0,0,0,10,627,1
0,80,3,19,56,14,21381,21381,1174,6086633,3
0,0,17,0,3,0,2,2,40,989,1
0,1,16,0,8,66,824,824,13062,1290069,2
0,0,13,0,0,0,1,1,44,226,1
0,1,17,0,1,0,27,27,82,93543,2
0,0,2,6,15,9,214,214,39,17095,1
0,5,10,3,6,0,15737,15737,3072,7282903,3
0,432,3,9,30,1,3560,3560,17,189121,3
0,12,11,1,22,305,1926,1926,3500,15294864,3
0,0,4,0,3,8,1,1,50,55288,1
0,0,14,0,0,0,0,0,9,137,1
0,8,16,3,1105,827,9035,9035,347,24510626,3
0,4,10,0,26,169,475,475,1269,2556765,2
0,0,19,0,3,1,75,75,3665,586191,1
0,47,3,11,32,1,15383,15383,1691,30032846,3
0,215,3,68,11,1,63017,63017,449,7365982,3
0,1,16,0,0,0,462,462,366,1642456,1
0,0,18,0,3,0,7308,7308,45370,221797861,1
0,0,1,0,0,1,1,1,68,914,1
0,0,7,0,0,0,1,1,47,3303,1
0,0,9,0,0,0,6,6,57,12653,2
0,40,3,9,30,8,4053,4053,337,13284437,3
0,0,1,6,12,0,2175,2175,613,842661,1
0,1,11,0,1,0,94,94,4088,587356,1
0,47,7,12,0,0,80095,80095,2593,458288078,3
0,0,10,0,0,0,0,0,4,1053,2
0,1426,3,304,71,130,189820,189820,657,53258372,3
0,1,20,1,84,485,450,450,975,415942,1
0,105,3,45,1,2,1968,1968,179,417522,3
0,0,21,0,44,488,17,17,74,18755,1
0,1,22,1,346,2832,4239,4239,13012,17845286,1
0,0,21,0,1,6,490,490,3310,532872,1
0,0,18,0,5,0,5467,5467,195042,626874401,1
0,8,2,1,6,0,31762,31762,5587,335431367,3
0,2,17,0,203,17,155,155,98,53810,2
0,1,8,0,1,0,808,808,848,1310515,2
0,123,3,133,18,0,15482,15482,491,7893576,3
0,0,21,0,3,8,1,1,22,325,1
0,0,1,0,4,2,25,25,38,6049,2
0,0,13,0,0,0,1,1,1561,2714,1
0,0,21,0,103,396,265,265,349,119348,1
0,0,16,0,0,0,23,23,257,96480,1
0,47,11,4,3,1,626,626,224,2147170,3
0,0,9,0,0,0,4,4,268,36977,1
0,2,5,0,9,0,2169,2169,1508,5504775,1
0,14,10,1,5,1,18,18,28,51197,3
0,639,3,126,9,3,229153,229153,1122,76926027,3
0,1,5,0,0,2,0,0,29,649,1
0,0,3,0,26,6,411,411,913,228436,1
0,0,8,0,0,4,9,9,165,25509,2
0,2,11,0,3,1,2434,2434,826,2305082,2
0,2,12,1,10000,758,1877,1877,431,510775,1
0,45,3,10,1,0,17855,17855,353,1722489,3
0,2,3,0,3,3,1285,1285,552,5956319,3
0,0,9,0,0,0,0,0,20,254,2
0,6,19,4,3,0,43127,43127,5197,325550683,3
0,34,11,2,32,3,1074,1074,139,886445,3
0,0,11,0,9,0,416,416,2287,4386891,1
0,1,2,0,263,591,1834,1834,4418,14523504,2
0,101,3,50,24,12,120983,120983,867,22808093,3
0,2,13,0,1,1,7,7,45,14131,2
0,91,11,4,0,0,301,301,144,2913701,3
0,1,12,0,7,3,33,33,162,6190,1
0,0,20,0,0,1,8,8,58,893,1
0,18,14,10,2,0,6378,6378,661,7873722,3
0,0,22,0,599,754,871,871,6118,14340719,1
0,0,22,0,0,1,10,10,320,3958,1
0,2,2,0,173,5,4991,4991,1312,28690480,2
0,0,2,1,0,0,12,12,155,9821,1
0,30,3,28,8,11,11458,11458,858,6275850,3
0,0,8,0,10,18,345,345,2770,794707,2
0,0,22,0,0,0,0,0,6,625,1
0,0,21,0,0,0,1,1,150,3215,1
0,0,6,0,0,0,5,5,42,1242,1
0,225,3,58,45,4,24321,24321,95,30604153,3
0,203,3,130,86,0,25426,25426,335,5937616,3
0,10,8,1,19,0,1953,1953,574,693061,2
0,12,14,2,106,11,12401,12401,1369,9562612,3
0,115,3,40,6,3,50097,50097,885,48741341,3
0,1,7,0,0,0,535,535,423,1446899,3
0,1,2,0,0,0,10,10,150,42108,2
0,10,2,25,1946,1,1343,1343,182,1271441,3
0,2,7,0,36,40,421,421,1126,415297,1
0,3,8,1,88,2,4895,4895,4502,2317483,2
0,5,8,0,0,1689,5,5,423,13506,2
0,7,9,1,0,1,842,842,1159,613636,3
0,323,3,104,13,0,210423,210423,775,45053140,3
0,3,21,0,1,0,4,4,7,36065,3
0,0,18,0,5,0,2586,2586,46069,105426253,1
0,0,12,0,0,3,0,0,16,354,1
0,2,14,3,39,308,10139,10139,4560,101655021,2
0,1,7,0,0,0,35,35,168,107316,1
0,0,9,0,0,0,0,0,12,2547,2
0,0,12,0,3,4,0,0,9,528,1
0,0,7,0,30,1439,15,15,360,64552,2
0,2,10,0,48,203,8574,8574,2126,28563097,2
0,5,22,1,66,45,11320,11320,3313,3047036,3
0,0,2,0,2,3,2,2,22,2568,2
0,35,3,15,15,1,27264,27264,541,10513546,3
0,0,7,0,1,11,108,108,66,2407,1
0,0,12,0,0,0,0,0,332,1567,1
0,0,16,0,16,28,2078,2078,6757,12443780,2
0,0,11,0,1,0,3712,3712,690,10514496,3
0,0,6,0,18,248,6,6,20,5108,1
0,1,19,0,4,2,20,20,94,13627,1
0,2,2,0,194,0,98,98,113,38079,2
0,0,21,0,0,2,0,0,4,110,1
0,3,1,0,471,1,6530,6530,8047,2727676,2
0,0,6,0,0,0,2,2,246,1082,1
0,0,7,0,0,0,11,11,865,49070,1
0,0,13,0,0,0,2,2,112,1037,1
0,3,6,3,7,0,9752,9752,694,5700123,3
0,0,14,0,3,1,460,460,149,301611,2
0,1,20,0,3952,95,8210,8210,27021,12321487,1
0,0,9,1,27,0,12,12,599,123763,1
0,13,16,1,1295,13,2255,2255,1029,5431720,3
0,0,20,0,9,2,27,27,119,51775,1
0,2,11,1,257,234,12195,12195,12837,88714715,2
0,2,8,0,45,22,1612,1612,4097,680240,2
0,13,16,4,0,1,612,612,57,500585,3
0,28,2,1,13,20,2885,2885,965,6419193,3
0,275,3,80,73,3434,96059,96059,747,36755796,3
0,14,2,18,183,3,3320,3320,295,16727801,3
0,0,12,0,0,0,0,0,62,541,1
0,36,11,3,4,0,619,619,1221,4210802,3
0,0,6,0,14,5,3,3,102,5550,1
0,107,3,32,20,11,152406,152406,1077,42103432,3
0,1,11,0,4,7,247,247,310,150132,2
0,2,7,3,21,47,108,108,520,2402351,2
0,1,15,0,1,8,378,378,1251,1688398,1
0,1,11,0,0,0,49,49,1350,196602,2
0,8,2,33,103,46,433,433,77,52961,2
0,0,14,0,0,0,0,0,8,48,1
0,0,16,0,2,0,1382,1382,19,4826936,1
0,1,10,0,6,4,4,4,184,14371,1
0,0,5,0,11,0,1,1,5054,15098,1
0,1,1,0,0,48,0,0,4,374,2
0,7,11,9,0,0,778,778,532,952742,2
0,0,18,0,121,5,42886,42886,56724,734701469,1
0,1,8,0,19,0,268,268,1835,5921610,2
0,1,1,4,0,0,4,4,4,627,2
0,20,17,0,297,0,585,585,181,1977528,3
0,0,18,0,1,0,729,729,28350,32234485,2
0,0,7,0,19,8,4597,4597,81487,68171694,2
0,13,9,15,15,11,399,399,303,663720,3
0,0,10,1,0,0,1,1,4,1234,2
0,0,9,0,0,0,0,0,22,35,1
0,1,2,1,0,131,347,347,96,796377,2
0,2,22,0,0,3,1,1,7,549,2
0,0,11,0,0,0,0,0,2,282,2
0,187,17,122,27,0,41973,41973,177,182062158,3
0,9,14,2,32,0,617,617,502,1012050,3
0,0,9,1,86,0,12381,12381,4053,40568555,2
0,0,9,0,1,0,0,0,20,407,1
0,0,16,1,4,0,6,6,11,598,1
0,0,15,1,4075,2,1498,1498,874,777561,2
0,0,21,0,0,1,2,2,30,1678,1
0,0,22,0,2,0,0,0,13,210,1
0,68,3,18,868,0,60273,60273,5068,88017487,3
0,60,3,51,30,10,130293,130293,799,29299811,3
0,0,10,0,1,0,1261,1261,93381,1332528,2
0,6,7,0,7,3,30132,30132,3055,9840362,2
0,17,17,0,22,0,642,642,514,2776071,3
0,3,11,0,38,16,1803,1803,5778,10632162,2
0,0,6,0,9,6,2,2,11,96,1
0,54,8,32,7,1,2157,2157,985,2864700,3
0,362,3,46,7780,17,272356,272356,6257,54629137,3
0,0,1,0,33,2,6,6,164,2844,1
0,0,14,0,21,7,1,1,25,3131,1
0,0,2,0,8,1,11,11,157,9872,1
0,0,16,0,0,3,0,0,53,1673,1
0,0,13,0,2,0,254,254,284,711526,1
0,2,10,2,2914,1,1061,1061,5946,1240098,2
0,51,9,14,12,2,2376,2376,47,913245,3
0,60,3,11,7,56,24695,24695,7142,21255117,3
0,2,20,1,66,164,763,763,507,1643952,1
0,34,11,9,5,18,601,601,128,276992,3
0,0,21,0,1,0,9,9,1007,203788,1
0,0,10,0,5,32,13,13,69,10415,2
0,0,7,0,0,1,1,1,130,3107,1
0,0,10,0,47,0,63,63,1420,273640,1
0,96,11,19,43,0,37556,37556,4759,101227095,3
0,0,16,0,0,0,0,0,5,187,1
0,19,6,14,766,326,38982,38982,2365,56543408,3
0,23,3,9,57,19,39494,39494,175,20650381,3
0,849,7,59,0,0,22982,22982,211,18061982,3
0,44,8,7,0,1,185,185,103,101948,3
0,5,7,2,1,0,2133,2133,3360,22060265,3
0,1,11,0,1,2,206,206,277,1127489,2
0,8,3,0,87,1,961,961,158,345171,3
0,0,10,0,0,0,1,1,113,21250,2
0,0,9,0,3,0,70,70,916,172211,1
0,0,3,1,11,1,22,22,25,6262,1
0,2,11,0,16,45,324,324,673,675943,2
0,0,8,1,1,8,24,24,71,15472,2
0,7,18,2,308,184,7525,7525,799,38911925,3
0,0,12,0,1,0,4,4,0,8259,1
0,0,13,0,0,0,0,0,26,86,1
0,0,18,0,10,0,61,61,2722,2559144,1
0,0,10,0,0,0,0,0,92,3917,1
0,2,21,0,64,3,62,62,240,114555,1
0,0,1,0,0,0,15,15,1330,351459,1
0,0,22,0,0,0,3,3,24,215,1
0,28,11,1,11,6,2408,2408,504,5035562,3
0,1,21,0,53,0,38,38,827,23511,1
0,0,20,0,12,9,26,26,28,1703,1
0,4,16,3,1019,4,279,279,181,60092,2
0,0,18,0,3,0,429,429,10069,1995238,2
0,3,10,2,143,0,387,387,61,29518,2
0,0,22,0,1,0,308,308,527,630519,1
0,2,15,0,62,0,1378,1378,22872,36065526,3
0,0,11,1,5,1,66,66,180,56149,2
0,0,7,0,0,2,5,5,33,4079,1
0,21,2,9,390,129,10570,10570,1807,4758160,2
0,1,20,0,289,7,4821,4821,297,1613052,1
0,11,7,8,1,0,1347,1347,384,1395401,3
0,107,3,72,83,28,174507,174507,2328,81924107,3
0,0,13,0,76,274,2,2,60,4961,1
0,7,12,21,18,1,21,21,37,5926,2
0,2,11,5,1,0,18704,18704,2256,16581661,3
0,1,15,0,0,0,488,488,209,543691,2
0,1,10,0,1,1,3,3,21,5506,3
0,2,7,0,234,157,2098,2098,6127,8267122,2
0,13,8,4,0,1,728,728,2741,1951674,2
0,1,15,0,117,0,286,286,2654,4102488,1
0,0,20,0,8,151,2,2,15,1526,1
0,0,18,0,17,1,4320,4320,2098,59792836,1
0,0,14,0,10,1,128,128,1307,576289,1
0,0,10,0,53,3,462,462,89,18643,2
0,1,7,0,13,96,479,479,2312,1348955,2
0,1,18,0,31,10,11,11,779,123234,1
0,1,20,0,16,14,27,27,105,2156,1
0,0,16,0,52,17,11,11,201,47594,1
0,0,18,1,40,1265,20,20,692,21449,1
0,24,2,38,41,2,574,574,89,49694,2
0,0,9,0,2,0,9,9,80,10097,1
0,11,18,9,29,1,1260,1260,465,1282990,3
0,8,8,1,0,0,282,282,22,288892,3
0,1,17,0,1,1,40,40,56,198255,2
0,2,8,1,49,4,10672,10672,215,2081086,2
0,0,9,0,0,0,9,9,184,4319,1
0,21,2,40,8132,5,6834,6834,431,1791188,3
0,0,16,0,0,0,1,1,7,323,1
0,0,14,0,17,7,7636,7636,7482,4406900,1
0,2,11,1,7,5,1381,1381,6607,5543362,2
0,6,3,0,13,0,198,198,128,1187635,2
0,0,14,1,24,7,2230,2230,2323,2188001,1
0,52,3,33,2,5,5945,5945,864,2078965,3
0,51,7,13,8,1,2441,2441,94,3153178,3
0,3,12,9,22,0,38,38,58,2789,1
0,0,8,0,2,0,3,3,413,6538,2
0,0,18,0,6,33,1029,1029,22217,19281176,2
0,0,7,0,283,88,19528,19528,27457,94579317,2
0,2,8,0,0,8,741,741,480,212734,2
0,2,12,0,65,3,909,909,147,412341,1
0,2,17,0,2,0,0,0,24,847,2
0,0,13,1,2,0,0,0,11,547,2
0,6,11,0,8,1,1321,1321,2671,2505997,2
0,2,22,0,22,6,5,5,28,5328,1
0,4,9,1,13,1,660,660,61,3697839,2
0,0,21,0,0,0,0,0,39,1160,1
0,46,3,5,2,0,10611,10611,503,8807150,3
0,7,11,0,1,0,15,15,26,39748,2
0,1,6,0,10,5,56,56,285,68361,2
0,0,14,0,53,17,4,4,9,627,1
0,0,13,0,0,0,0,0,197,761,1
0,117,3,86,46,8,149695,149695,676,19174167,3
0,6,2,0,0,0,0,0,2,989,2
0,1,18,0,1,3,15,15,192,25418,3
0,1,17,0,30,3,104,104,157,401350,2
0,87,3,26,23,0,72042,72042,1054,10354348,3
0,2,12,0,0,0,0,0,42,37845,2
0,0,18,0,2,0,88,88,5988,1122614,1
0,0,17,0,4,0,18,18,1341,109710,1
0,3,7,1,123,5,6281,6281,1502,15302043,3
0,0,13,0,13,0,383,383,795,1042114,1
0,0,6,0,8,0,49,49,95,27742,1
0,3,8,2,0,2,321,321,106,74104,2
0,1,15,0,22,0,5,5,60,160365,1
0,0,2,0,8,2,28,28,86,160091,2
0,8,17,10,39,0,6645,6645,674,40664513,3
0,10,10,6,34,74,310,310,572,901480,2
0,8,3,6,0,0,85,85,7,24470,3
0,1,16,0,117,66,18,18,220,31201,2
0,0,13,0,0,1,0,0,2,28,1
0,32,8,13,2,512,2746,2746,1219,2405599,2
0,1,17,0,0,0,3,3,24,1583,2
0,0,14,0,26,1,1304,1304,14237,14326961,1
0,8,2,2,14,1,7473,7473,612,6226193,3
0,0,14,0,0,0,0,0,180,832,1
0,11,8,5,567,0,69975,69975,4309,63525834,3
0,1,11,0,22,0,3527,3527,3712,21889876,2
0,81,11,3,78,1,8163,8163,197,14058643,3
0,0,16,0,1,0,2,2,45,5203,2
0,0,6,0,7,0,1503,1503,1370,4954670,1
0,38,3,15,19,26,2289,2289,256,844660,3
0,2,18,0,11,1,8178,8178,7315,5144431,2
0,0,5,0,0,5,32,32,263,38314,2
0,1,18,0,4,1,45810,45810,96163,1355519312,1
0,9,20,2,11,5,7463,7463,2683,56390973,2
0,1,6,0,1,14,893,893,1172,1095327,1
0,0,7,0,0,3,1,1,39,2992,1
0,0,12,1,3,18,82,82,111,613481,2
0,1,5,0,22,51,64,64,79,62903,1
0,0,7,0,8,0,17,17,191,29199,1
0,1,8,0,3,4,1817,1817,5987,3895603,2
0,832,3,258,46,39,116483,116483,868,37535153,3
0,2,20,0,7,363,1404,1404,1363,51714848,2
0,0,17,0,1,4,0,0,447,3145,1
0,0,13,0,0,1,2,2,1395,5236,1
0,4,9,0,749,376,10735,10735,939,77148960,2
0,0,19,0,21,1,252,252,736,8829550,1
0,1,16,0,16,5,32,32,228,762369,2
0,180,3,28,44,3,85115,85115,1834,18247575,3
0,0,9,0,8,1,493,493,3516,2210734,1
0,77,18,29,65,0,153957,153957,146,58139959,3
0,52,3,132,40,1,32983,32983,454,39615439,3
0,4,8,1,114,23,226,226,387,66762,2
0,0,21,0,0,0,0,0,12,139,1
0,4,2,2,0,0,2433,2433,1827,9618410,3
0,9,10,3,276,636,194,194,853,765719,2
0,0,18,0,0,0,27,27,1341,48417,1
0,0,10,0,38,6,97,97,145,62111,2
0,0,8,0,3,10,25,25,271,124741,2
0,8,3,0,7,0,11,11,199,38401,3
0,2,2,1,3,0,5,5,92,9706,2
0,71,3,551,4,0,29597,29597,54,15904952,3
0,0,21,0,196,3,152,152,72,15870,1
0,2265,3,706,97,0,348206,348206,628,123129576,3
0,0,13,0,0,0,0,0,5,209,1
0,0,13,0,22,38,2,2,20,5107,1
0,2,9,0,0,0,0,0,13,161,1
0,172,3,47,1,0,12120,12120,812,3283546,3
0,0,10,0,2,0,5138,5138,455673,4862280,2
0,612,3,195,36,4,343384,343384,1475,180346842,3
0,1,12,0,2,2,1,1,73,2037,1
0,53,2,109,2155,9,3215,3215,103,456109,3
0,1,8,0,12,3,135,135,1553,233678,2
0,0,7,0,0,0,2,2,33,4305,1
0,14,17,3,0,0,12,12,83,69232,3
0,2,16,0,0,0,8,8,148,16260,2
0,280,3,27,304,6,77975,77975,694,46289312,3
0,2,8,2,0,0,1530,1530,945,3990920,2
0,0,22,0,12,0,0,0,38,367,1
0,2,8,0,0,1,6,6,19,13488,2
0,0,1,0,1,1,2907,2907,1314,807839,1
0,0,18,0,0,0,10,10,214,7443,1
0,3,8,1,8,0,270,270,428,45336,2
0,11,7,32,24,0,1618,1618,1262,7148624,3
0,7,3,4,106,15,2866,2866,1269,4231877,3
0,6,1,4,1,0,5885,5885,109,500415,2
0,0,17,0,3,3,0,0,14,172,1
0,5,9,5,28,0,21885,21885,457,26379586,3
0,0,10,0,3,1,0,0,8,229,1
0,0,22,0,2,0,44,44,343,11712,1
0,406,3,377,0,1,36821,36821,223,2989709,3
0,0,10,0,0,0,15,15,285,10519,2
0,0,10,0,0,0,7,7,122,10271,1
0,2,11,0,26,74,429,429,368,460445,2
0,19,5,7,17,8,25926,25926,3373,97212724,3
0,3,8,0,26,2,9,9,176,17086,2
0,8,5,4,9,2,1246,1246,2984,2321868,2
0,0,22,0,1,0,3991,3991,281,2009176,3
0,21,8,17,8,35,955,955,240,174789,3
0,0,1,0,0,0,1,1,42,1400,1
0,0,7,0,0,0,1,1,37,2079,1
0,0,18,0,0,1,41,41,774,70933,1
0,0,2,0,0,0,2,2,21,1200,1
0,0,20,0,7783,2,1777,1777,130,33694,1
0,2,10,0,87,2,738,738,1663,2140370,2
0,0,6,0,30,0,25,25,280,14499,1
0,0,17,0,4,6,500,500,907,247057,1
0,0,22,0,0,0,123,123,1638,124589,1
0,46,2,15,5,0,51389,51389,3482,173813107,3
0,0,5,0,4,1,1,1,9,871,1
0,131,10,69,1,1,53365,53365,202,9425687,3
0,46,2,52,9855,412,20771,20771,1646,12636734,3
0,38,2,127,1906,81,5094,5094,351,3761693,3
0,5,3,0,209,5,99162,99162,11431,116812657,3
0,1,2,0,7,9,1151,1151,302,1157244,1
0,6,2,13,3640,1,781,781,114,81743,2
0,2,9,0,0,0,0,0,5,78,1
0,4,7,25,5,0,319,319,753,2767906,3
0,0,13,0,0,0,0,0,16,170,1
0,2,4,0,15,3,440,440,147,79401,1
0,8,17,0,21,9,13,13,46,50990,3
0,0,20,0,1,0,51,51,974,71094,1
0,521,3,68,10,6,310767,310767,536,34365055,3
0,0,10,0,0,0,4,4,113,8139,2
0,2,7,0,8,24,38,38,1091,113094,1
0,63,3,18,1247,12,12133,12133,1112,20279351,3
0,1,17,0,6,1,5,5,12,739,1
0,1,18,0,108,0,63,63,98,86951,1
0,320,2,416,10000,27,14116,14116,241,4791926,3
0,23,2,69,1040,189,1480,1480,143,594569,3
0,0,11,0,14,1,60,60,204,189960,2
0,1,3,0,1,0,3217,3217,1942,2249666,2
0,2014,3,1069,42,1,271288,271288,675,71409480,3
0,0,15,0,36,1,1834,1834,16705,7470819,1
0,0,2,1,0,0,99,99,167,25369,2
0,0,19,0,408,3,156,156,44,57987,1
0,35,2,8,22,1,10493,10493,527,18943033,3
0,0,5,0,0,1,1,1,31,323,1
0,18,18,5,3,0,10994,10994,6307,144229191,3
0,0,4,0,4,2,7,7,340,84401,1
0,0,5,0,1,6,0,0,8,60,1
0,0,1,0,3,1,1,1,100,906,1
0,3,22,1,4,327,721,721,551,338374,1
0,4,3,0,1,0,78,78,256,241286,3
0,4,8,0,2,25,170,170,462,330809,2
0,0,6,0,0,0,0,0,241,807,1
0,10,2,0,1,20,534,534,16,57043,3
0,0,6,0,0,0,0,0,289,811,1
0,0,14,0,3,2,460,460,227,1858978,1
0,1,6,0,52,17,1917,1917,160,3268981,2
0,18,3,6,31,454,747,747,216,153098,3
0,0,10,0,11,85,3,3,24,5000,1
0,22,9,12,103,1,8718,8718,290,4492062,3
0,6,11,0,46,1,1246,1246,1856,4001384,2
0,0,2,4,11,1,183,183,593,204862,2
0,0,22,0,15,2,9,9,22,1066,1
0,60,9,38,8,0,36165,36165,347,9983542,3
0,0,20,0,16,1,425,425,659,92784,1
0,0,22,0,11,9,11,11,139,2723,1
0,0,18,0,15,12,56669,56669,196822,1143902237,1
0,1,10,0,0,0,2553,2553,410,577171,2
0,8,9,3,9637,71,10928,10928,194,13632968,3
0,3,9,0,0,1,33,33,257,174171,1
0,3,2,0,5,0,369,369,223,47002,3
0,0,22,0,1,7,0,0,18,1334,1
0,0,7,0,3,0,1,1,27,2596,1
0,1,11,0,34,215,14546,14546,1975,167502211,3
0,0,18,0,5,2,12921,12921,109131,448127179,1
0,3,11,2,5413,133,1310,1310,994,225589,2
0,2,11,0,1842,1,1007,1007,229,2931958,2
0,0,12,0,63,112,11,11,988,1908,1
0,2,2,0,4,1,18611,18611,6119,14760956,2
0,0,12,0,6,3,3,3,13,13112,1
0,3,7,0,18,4,38312,38312,196040,309896853,3
0,18,8,6,13,11,3447,3447,425,1756459,3
0,111,3,54,19,4,47990,47990,450,5935818,3
0,0,6,0,0,0,0,0,309,1025,1
0,1,16,0,21,0,4,4,43,25894,2
0,0,14,0,16,16,1,1,38,2015,1
0,0,12,0,4,2,2,2,5,211,1
0,14,7,6,69,57,91517,91517,9170,700780628,3
0,0,6,0,197,54,1679,1679,908,634280,1
0,3,11,0,340,0,365,365,868,1298742,3
0,0,20,0,0,0,0,0,36,511,1
0,0,21,0,3,0,1,1,3,93,1
0,0,11,0,73,22,135,135,22,166733,2
0,77,3,23,53,5,33969,33969,792,11057575,3
0,0,17,0,2,1,26,26,280,5288,1
0,0,6,0,336,1,502,502,719,62092,1
0,14,18,1,19,13,5032,5032,356,3237170,3
0,1,7,0,5,0,12144,12144,1369,34161864,2
0,4,17,1,10,0,2214,2214,227,8038113,2
0,4,12,2,34,37,20,20,259,319876,1
0,0,1,0,15,3,795,795,182,93466,1
0,2,11,0,17,48,11596,11596,3530,11092261,2
0,5,8,2,7,3,2467,2467,627,3736405,2
0,0,5,0,0,3,24,24,883,21167,1
0,0,1,0,0,1,1285,1285,329,6168302,1
0,1,6,0,0,0,0,0,316,1282,1
0,10,18,1,1131,10,3985,3985,1423,11756857,3
0,38,6,11,19,12,9686,9686,156,2717038,3
0,4,3,3,0,0,42,42,13,79089,3
0,2,2,0,1,0,3,3,30,1115,2
0,8,11,0,9,3,8297,8297,1192,35972319,3
0,0,5,0,4,8,1,1,38,472,1
0,2,2,1,59,0,41,41,40,2833,2
0,0,20,0,91,1760,115,115,660,27847,1
0,4,15,1,0,0,43,43,53,9573,2
0,34,3,30,90,12,14654,14654,323,741945,3
0,0,9,0,34,6,363,363,1305,12369205,2
0,491,3,150,14,2,121952,121952,601,24297361,3
0,26,3,16,39,11,27914,27914,415,2096731,3
0,12,10,3,14,1,2067,2067,189,528006,3
0,0,6,0,3,0,1575,1575,3467,2172629,2
0,2,9,1,2,10,20,20,255,505828,2
0,0,9,0,7,0,3,3,99,7360,1
0,10,2,1,9958,24037,2583,2583,398,418826,3
0,0,20,0,0,4,0,0,2,8,1
0,8,11,0,0,0,300,300,343,1801420,3
0,45,12,62,4,1,3704,3704,79,237598,3
0,0,9,0,27,0,4,4,395,6885,1
0,0,7,0,0,97,19,19,277,87096,2
0,7,11,0,9,65,692,692,1227,2053810,2
0,0,8,0,0,1,3,3,9,3340,2
0,0,16,0,0,0,0,0,1188,6889,1
0,1,18,0,16,0,18575,18575,4679,277107427,3
0,608,3,271,60,70,48895,48895,912,15681518,3
0,37,3,14,18,5,89044,89044,2823,55228308,3
0,5,11,0,1,0,32,32,151,265289,3
0,0,7,0,4,7,0,0,85,6223,2
0,14,2,74,547,16,879,879,585,528610,2
0,1,16,0,5,1,30,30,274,830571,1
0,1,1,0,0,0,10,10,39,1224,1
0,0,5,1,0,0,1792,1792,1590,711257,1
0,1,15,0,1,0,18819,18819,795,19928347,1
0,0,13,0,0,0,1,1,719,2206,1
0,0,21,0,0,3,0,0,50,178,1
0,34,11,4,32,27,392,392,110,1692473,3
0,0,12,1,68,4,78,78,89,4457,1
0,1,10,0,1,2,1167,1167,94200,1332032,2
0,1,10,0,6,3,2462,2462,662,772973,1
0,0,14,0,20,32,8,8,152,23434,1
0,140,3,143,58,4,25980,25980,368,1794908,3
0,0,7,0,1,1,93,93,156,163026,1
0,8,9,0,1,0,9,9,45,349809,3
0,0,22,0,2,0,2739,2739,535,1989646,2
0,5,20,9,263,92,2105,2105,1569,1989267,1
0,13,18,6,19,5,771,771,166,223433,3
0,0,2,0,67,9,1176,1176,4305,9297755,2
0,7,3,3,156,25,771,771,109,201145,2
0,0,13,0,0,0,1,1,19934,60726,1
0,0,21,0,2,2,3,3,49,6257,2
0,0,8,0,1,0,101,101,409,1573763,2
0,0,7,0,28,2,11187,11187,5827,79307461,2
0,0,12,0,47,132,38,38,484,86929,1
0,2,12,0,0,0,0,0,8,14332,3
0,305,11,477,39,3,669,669,151,1560933,3
0,2,11,2,6,0,310,310,998,1775768,2
0,32,7,6,7,0,42954,42954,1763,120344925,3
0,2,2,0,0,0,2013,2013,704,1353955,2
0,0,21,0,4,8,0,0,4,202,1
0,17,17,0,41,0,10008,10008,1002,68367478,3
0,7,7,2,22,586,281,281,189,716893,2
0,0,18,0,0,0,11,11,140,8644,1
0,0,16,0,0,0,0,0,8,103,1
0,122,3,43,0,8,41950,41950,4367,54388704,3
0,0,22,0,0,0,6,6,67,951,1
0,31,8,8,11,1,11278,11278,548,5976249,3
0,0,3,0,0,1,43,43,84,23076,2
0,0,17,0,0,0,0,0,129,831,1
0,0,5,0,0,0,0,0,4,1372,1
0,0,11,2,219,0,228,228,355,104918,1
0,0,21,0,0,1,3,3,206,16634,1
0,0,14,0,0,0,0,0,34,153,1
0,0,7,0,242,2,193,193,2510,1611773,1
0,4,8,0,4,0,356,356,1496,1598451,2
0,4,16,1,5721,6,260850,260850,13217,53421570,2
0,0,13,0,0,0,0,0,21,629,1
0,0,5,0,0,2,0,0,32,1124,1
0,2,8,0,0,0,256,256,2339,577294,2
0,0,5,0,4,21,17,17,1132,34767,1
0,0,21,0,0,0,0,0,11,207,1
0,12,14,3,1,77,3797,3797,840,7940322,3
0,1,22,0,17,7,1420,1420,1553,11874102,2
0,1,17,0,1,0,0,0,1175,7131,1
0,3,10,2,49,0,1530,1530,141,361815,2
0,36,3,33,85,2,3963,3963,454,754242,3
0,0,21,0,2,5,5,5,54,7572,1
0,60,3,37,191,139,106656,106656,1656,39683570,3
0,7,3,1,8,191,1,1,13,888,3
0,0,4,0,1,14,26,26,334,72381,2
0,2,21,0,0,1,1,1,141,3344,1
0,5,10,0,2,11,4,4,68,2900,2
0,0,18,0,4,0,3867,3867,63436,83472576,1
0,0,13,0,0,0,15,15,49,19290,1
0,0,21,0,7,2,1,1,9,718,1
0,8,3,12,326,33,286,286,188,85249,3
0,4,10,0,1,6,63,63,1382,433188,3
0,107,24,18,4,4,61810,61810,334,32012087,3
0,0,9,0,22,8,48,48,3247,196776,1
0,60,6,21,52,2,54922,54922,1105,27438103,3
0,0,16,0,1,1,0,0,89,1258,1
0,0,4,0,323,144,75,75,78,27789,2
0,0,7,0,0,0,0,0,68,7002,1
0,11,8,5,7,0,9,9,54,10210,2
0,1,12,0,17,1,123,123,172,21616,2
0,0,8,0,0,1,0,0,18,3345,2
0,9,11,2,9,1,11858,11858,12797,77074861,2
0,5,8,1,0,0,930,930,954,320705,2
0,0,3,0,5,60,5,5,36,1845,1
0,0,18,0,0,0,18,18,693,16246,1
0,0,1,0,6,1,9,9,73,46058,2
0,1,2,0,5,0,653,653,405,471492,2
0,0,13,0,80,26,25,25,48,103428,1
0,0,22,0,0,0,0,0,25,249,1
0,0,1,0,0,0,1,1,3,51,1
0,5,7,1,20,3,1474,1474,354,14934625,3
0,0,9,0,0,0,103,103,314,1535044,2
0,4,15,0,77,65,113,113,110,97247,2
0,1,7,0,9,0,13,13,68,61510,2
0,3,17,0,14,3,13382,13382,1271,94443993,3
0,0,6,0,3,3,38,38,60,15036,1
0,0,22,0,6,43,1,1,26,25762,2
0,0,12,0,0,0,0,0,6,62,1
0,0,9,0,0,0,6,6,260,2437,1
0,4,3,7,7,0,9136,9136,467,18800669,3
0,0,20,0,0,39,1,1,158,2583,1
0,33,3,6,10,0,22751,22751,733,7387578,3
0,138,3,209,5,1,23403,23403,1059,13666298,3
0,9,3,4,21,6,1364,1364,849,763803,3
0,0,18,0,30,5,547,547,6046,725648,1
0,8,8,15,104,47,19704,19704,982,9979810,3
0,1,13,0,0,0,0,0,15,706,2
0,0,16,0,8,0,103,103,153,47721,2
0,1,4,0,3,3,47,47,45,129784,1
0,50,3,34,3,2,30712,30712,857,17474987,3
0,2,3,0,2503,5,2393,2393,1194,6789603,3
0,1,16,0,327,25,10692,10692,2251,7842274,1
0,0,14,0,4,2,9,9,311,10811,1
0,0,18,0,4,0,23,23,2094,31625,1
0,1,10,0,1,1,18,18,107,35006,2
0,24,11,3,38,15,4312,4312,524,40310329,3
0,2,11,0,46,0,686,686,1101,5692140,2
0,0,6,0,0,0,4,4,1951,73372,1
0,7,8,1,640,831,7941,7941,982,6311270,3
0,0,16,0,0,0,1,1,10,498,1
0,1016,15,163,0,1,3573,3573,82,42829253,3
0,73,3,41,222,51,110153,110153,1570,29146647,3
0,0,12,0,4,6,0,0,19,409,1
0,0,9,0,2,2,65,65,903,248581,1
0,0,16,0,0,0,84,84,651,181014,2
0,1,10,0,34,8,8907,8907,188,1474694,2
0,4,11,25,3,0,5685,5685,102,432217,2
0,0,9,0,0,0,0,0,23,164,2
0,0,22,0,59,2,8525,8525,2612,1889346,1
0,0,2,1,0,0,6,6,30,13658,2
0,36,10,63,65,1,16806,16806,738,9548510,3
0,29,3,0,360,0,2331,2331,1061,11586723,3
0,0,10,0,25,4,76,76,827,234447,1
0,0,12,0,4,4,11,11,3439,47121,1
0,0,16,0,2,1,45,45,848,218386,2
0,0,7,0,345,0,2643,2643,17391,90433741,1
0,21,11,1,16,0,450,450,1051,3505353,3
0,4,3,2,2,0,2495,2495,1137,2818357,3
0,3,9,3,190,1,201,201,73,86600,2
0,6,7,0,0,1,2807,2807,2105,11222527,3
0,84,3,22,49,0,14727,14727,623,5394207,3
0,0,19,0,26,1,66,66,88,1292627,1
0,6,16,3,41,64,838,838,936,5842571,2
0,0,10,0,1,0,1748,1748,94599,1316833,2
0,0,4,0,6,630,72,72,534,370712,1
0,0,9,0,2,0,0,0,12,138,1
0,3,14,0,1,0,5,5,11,198,1
0,0,19,0,1,1,69,69,1391,461280,1
0,1,11,0,64,309,54,54,529,24499,1
0,0,18,0,3,1,3288,3288,12956,28375689,1
0,0,18,0,0,0,5,5,69,3592,1
0,1,10,0,15,7,107,107,178,55461,2
0,234,3,139,23,70,63947,63947,3347,60936827,3
0,0,21,0,0,0,0,0,13,286,1
0,5,14,7,-1,0,2348,2348,4686,31884088,3
0,12,8,2,0,0,8762,8762,7443,46260024,2
0,3,2,1,31,7,283,283,674,387654,2
0,3,3,0,0,0,33,33,51,15105,2
0,5,9,1,67,16,3536,3536,923,4915889,3
0,5,12,1,48,6,9,9,46,8447,2
0,9,2,2,4,0,9494,9494,1415,2366092,2
0,0,15,0,29,11,80,80,257,301600,1
0,1,3,0,8,0,26,26,68,20307,2
0,5,22,2,11,1,56774,56774,5518,26478590,3
0,0,7,0,1,0,52,52,851,288486,1
0,1,13,1,1,0,2,2,4,76,1
0,4,3,4,3,0,74,74,178,10663,2
0,0,20,0,0,0,61,61,1040,280084,1
0,0,13,0,367,0,214,214,1246,241077,1
0,1,8,0,14,11,2,2,159,6904,2
0,0,22,0,0,0,0,0,4,19,1
0,1,2,0,63,8,3456,3456,10066,3061762,1
0,120,3,25,20,2,79164,79164,619,9503175,3
0,1,2,0,79,21,547,547,136,53175,2
0,1,17,0,0,0,130,130,363,178553,1
0,1,10,0,1,0,1,1,3,344,2
0,30,14,24,23,742,128012,128012,5303,344623383,3
0,10,9,2,32,36,20793,20793,4081,75458955,2
0,0,10,0,131,11,323,323,464,141411,2
0,2,9,0,3,2,7,7,79,14323,2
0,2,11,0,58,0,77,77,526,116761,2
0,0,14,0,1,0,133,133,21,29442,1
0,6,2,1,7,0,16186,16186,582,13898121,3
0,12,7,1,0,0,10078,10078,108,14404358,3
0,0,21,0,10,709,2,2,9,7368,1
0,3,12,6,147,1,559,559,69,34154,2
0,0,10,0,1,0,1368,1368,93204,1305399,2
0,4,3,3,12,1,1979,1979,2622,5089890,3
0,0,16,0,0,0,0,0,92,820,1
0,0,2,0,656,0,445,445,565,133933,2
0,1,11,0,0,0,44,44,1012,207069,1
0,2,18,1,13,1,5176,5176,2921,6397175,3
0,1,2,0,4,1,55,55,69,442392,2
0,6,10,0,0,0,6,6,31,37399,2
0,0,2,0,8,1,484,484,2294,247991,2
0,2,1,0,0,0,29,29,31,1735952,3
0,0,1,0,0,0,9,9,791,25107,1
0,0,2,0,0,0,1,1,20,1249,2
0,399,3,81,95,3,68686,68686,460,19694429,3
0,8,23,1,0,0,73,73,11,7470116,3
0,1,11,2,5,1,13,13,68,167565,2
0,0,1,0,0,0,60,60,131,20679,2
0,0,16,0,2,0,156,156,227,390391,1
0,0,9,0,34,0,88,88,348,21581,2
0,0,18,0,73,6,65120,65120,413270,216067519,2
0,1,11,0,0,1,0,0,5,942,2
0,0,6,0,2,0,66,66,22,24187,1
0,0,7,0,4,99,36,36,545,34404,1
0,0,6,0,0,0,0,0,29,326,1
0,0,9,0,69,0,5,5,330,52523,1
0,0,16,0,46,2,146,146,530,447168,1
0,0,10,0,0,1,12,12,77,15320,2
0,61,3,22,16,0,38682,38682,1317,8801469,3
0,1,10,0,0,0,20,20,192,178923,2
0,0,13,0,0,0,2,2,802,7233,1
0,0,17,0,15,49,1864,1864,429,7343980,2
0,0,7,0,0,0,26,26,137,41390,2
0,536,7,43,1,0,70800,70800,318,196770356,3
0,0,18,0,0,0,0,0,147,2742,1
0,0,20,0,11,1,6,6,613,12962,1
0,0,12,0,31,1,13,13,295,1920,1
0,1,9,3,10000,21,3478,3478,906,8604606,2
0,23,16,9,8750,0,402602,402602,31954,1091035165,3
0,0,2,0,4,0,29974,29974,11782,44496912,2
0,0,11,0,0,0,7593,7593,24527,118489351,2
0,8,7,6,150,1,195,195,116,70747,2
0,7,2,11,3,1,46,46,25,9507,2
0,0,15,0,0,0,13,13,3250,24497,1
0,71,18,18,38,0,4638,4638,3628,42180131,3
0,1,2,0,835,2366,299,299,133,29407,2
0,0,18,0,1,0,356,356,17808,7083626,1
0,17,11,10,97,54,345038,345038,25436,3207215921,3
0,1,15,0,103,48,663,663,1133,8914590,2
0,0,9,0,17,3,4,4,90,29625,1
0,1,8,0,12,1,23,23,22,88786,2
0,1,18,0,3,2,4682,4682,29657,97774896,1
0,7,7,0,80,99,1282,1282,132,4853486,2
0,8,8,2,2176,4767,858,858,396,148953,2
0,0,16,0,3,0,68,68,131,258767,1
0,0,8,0,238,318,188,188,1459,435324,2
0,0,5,2,75,160,51,51,211,8320,1
0,1,5,0,1459,667,4487,4487,2874,19821713,1
0,135,3,70,38,7,17970,17970,247,1837615,3
0,11,3,5,66,6,10364,10364,772,9138773,2
0,1,20,0,215,39,4577,4577,5842,120188782,2
0,1139,3,525,45,2,117472,117472,586,30321999,3
0,1,8,0,0,1,4,4,5,3465,2
0,0,18,0,2,0,38,38,331,31867,2
0,4,17,1,24,0,650,650,55,2631014,2
0,0,6,0,0,0,5,5,1596,2449,1
0,0,15,0,1,4,1569,1569,860,1254647,1
0,211,15,18,2,1,6873,6873,2642,279193929,3
0,0,15,0,3,0,4407,4407,7843,7480288,1
0,1,17,0,86,2,58,58,76,8754,2
0,6,13,0,0,0,265,265,32,370144,3
0,0,10,0,2,2,2,2,12,1621,2
0,76,3,19,3,4,31057,31057,295,5194215,3
0,0,13,0,16,43,0,0,14,2259,1
0,0,5,0,29,33,61,61,245,28352,1
0,1,17,0,567,17,825,825,368,783042,2
0,0,20,0,9,0,174,174,4151,256427,1
0,5,3,5,31,0,79539,79539,2582,34864321,3
0,0,7,0,34,63,29,29,586,24321,1
0,19,8,6,1,0,1385,1385,158,2970442,3
0,99,24,106,3,1,167028,167028,3048,116695008,3
0,4,11,1,7,22,26,26,61,140552,2
0,0,10,0,0,0,0,0,3,13,1
0,35,3,9,6,4,4567,4567,728,814090,3
0,10,3,3,36,67,109975,109975,38102,641738955,2
0,0,1,0,0,0,139,139,63,21877793,3
0,0,5,1,16,5,5,5,149,22671,1
0,0,10,0,16,5,24,24,175,38198,2
0,71,3,31,14,23,11541,11541,733,2258327,3
0,22,17,0,175,0,2127,2127,1537,10288889,3
0,7,3,1,1,0,762,762,88,221879,3
0,9,8,0,1,1,152,152,1115,501334,2
0,1,7,2,3355,3,802,802,604,20183,1
0,0,13,0,0,0,7,7,5178,32631,1
0,45,3,31,50,0,21197,21197,1123,4477559,3
0,0,2,0,16,1,6051,6051,492,1623474,1
0,0,14,0,31,3,40,40,19358,1712920,1
0,0,14,0,0,0,2,2,273,42763,1
0,3,7,0,13,31,2117,2117,2712,10013352,2
0,2,4,0,4,0,4697,4697,394,14033799,3
0,0,17,0,1,6,6,6,332,9327,1
0,8,2,0,0,0,2,2,50,7360,3
0,8,18,1,27,21,2219,2219,3101,8038017,2
0,26,3,38,6,2,13899,13899,152,1561605,3
0,0,13,0,2,0,13,13,98,6488,1
0,1,9,0,4,0,177,177,64,505951,3
0,2,11,0,567,0,423,423,48,505838,2
0,0,9,0,5,0,0,0,6,565,1
0,1,7,0,508,5663,806,806,7057,15977113,1
0,0,12,0,54,15,4,4,52,1637,1
0,3,14,2,6,2,1735,1735,451,4533053,2
0,0,6,0,0,0,0,0,36,349,1
0,10,7,8,4,5,2365,2365,3448,5134674,2
0,0,10,0,14,16,37,37,180,48363,2
0,0,10,0,115,19,2,2,9,64,1
0,3,1,31,1,0,34,34,9,970,2
0,7,3,6,21,25,17144,17144,776,4885561,3
0,0,13,0,0,0,1,1,282,987,1
0,0,2,0,211,3,1959,1959,3846,21643661,2
0,0,22,0,0,0,12,12,43,5481,1
0,6,22,1,19,0,11313,11313,1124,2527048,3
0,0,9,0,0,0,0,0,14,342,1
0,279,3,122,104,207,68652,68652,537,9358586,3
0,3,10,2,16,2,3,3,5,766,2
0,0,18,0,0,0,216,216,2032,1171596,1
0,0,19,0,335,0,1866,1866,19103,2271676,1
0,277,7,59,0,0,15438,15438,64,35959977,3
0,2,15,0,0,0,0,0,2,671,2
0,0,6,0,0,0,0,0,227,41172,1
0,0,20,0,3,1,0,0,7,2904,1
0,0,23,0,0,0,802,802,4951,910880,1
0,0,16,0,0,1,2,2,46,1427,1
0,0,13,0,0,0,0,0,126,682,1
0,5,2,0,5,4,1216,1216,919,2432484,2
0,0,9,0,2789,5,2512,2512,9174,22630142,1
0,0,20,0,1,0,5,5,13,401,2
0,0,10,0,1,0,1247,1247,93520,1393059,2
0,0,8,0,16,7,517,517,190,753063,2
0,0,5,0,0,2,0,0,33,555,1
0,0,9,0,50,255,149,149,1453,1221557,1
0,0,1,1,16,13,3,3,4,4992,1
0,0,6,0,241,1005,41,41,154,39045,1
0,29,3,8,6,1,28760,28760,536,1995495,3
0,2,22,0,64,19,15212,15212,6381,34460002,2
0,1,13,0,0,0,21,21,790,46539,1
0,14,9,5,45,141,15885,15885,198,9532041,3
0,25,8,71,4345,4,4695,4695,209,10473276,3
0,1,14,0,1,0,39,39,445,181309,2
0,4,2,0,2,0,49613,49613,2027,5267030,2
0,0,14,0,1,0,27,27,54,10390,1
0,0,1,0,0,0,1,1,78,96568,3
0,0,3,0,0,0,7,7,37,2055,1
0,5,10,0,0,0,0,0,2,2206,3
0,0,22,0,2,1,1,1,170,2661,1
0,53,3,13,52,5,9067,9067,469,1373765,3
0,1,10,0,20,26,35,35,93,43746,2
0,4,7,1,4,0,8065,8065,13301,231648986,2
0,0,7,0,0,0,5,5,324,37115,1
0,140,3,107,36,53,57058,57058,874,67659406,3
0,4,8,0,1,1,84,84,141,22843,2
0,9,7,1,3,0,4000,4000,2361,12116569,3
0,1,17,0,265,4,245,245,89,11779,2
0,1,13,0,-1,28,191,191,72941,155305990,1
0,1,8,0,0,0,105,105,984,183989,2
0,0,6,0,0,0,2620,2620,28890,11266649,1
0,1,10,1,94,85,136,136,1382,929295,2
0,0,8,0,16,1,223,223,390,57102,2
0,3,10,1,50,5,149,149,376,145926,1
0,5,2,0,18,6,9,9,60,7129,2
0,0,5,2,3,7,1,1,28,2247,1
0,0,9,0,47,10,1260,1260,27,257914,3
0,2,1,0,3,1,135,135,204,45552,1
0,6,7,0,529,4820,177,177,1856,214167,2
0,0,6,0,0,0,0,0,55,377,1
0,326,20,133,20,124,14619,14619,76,2081658,3
0,1,16,0,2,0,2490,2490,187,7834901,2
0,1,11,1,414,2,425,425,622,692896,2
0,2,8,0,16,1,11,11,149,54968,2
0,3,11,0,6,0,3745,3745,7797,35286106,2
0,3,11,0,25,1,81502,81502,55106,1938311729,3
0,0,2,0,249,3598,638,638,1243,314146,1
0,7,11,0,751,0,2163,2163,1003,15041387,3
0,0,8,4,17,920,6326,6326,6931,9920646,2
0,262,3,58,4,3,34520,34520,620,4033768,3
0,3,9,0,8,55,4526,4526,43,3335996,1
0,4,1,0,0,1,161,161,9,188984,3
0,7,8,2,2,3,7791,7791,1485,25143780,3
0,1,9,0,126,5,383,383,322,1442002,1
0,0,22,0,0,0,6,6,61,546,1
0,1,6,0,3,0,3,3,27,6141,1
0,0,5,0,5,6,102,102,220,499281,1
0,0,16,0,101,11,223,223,253,407705,1
0,5,11,0,61,0,255,255,621,1242660,2
0,5,11,0,18,33,496,496,2103,3219113,2
0,0,7,0,7,0,1844,1844,4842,15632140,1
0,0,10,0,2,0,4,4,51,8793,1
0,8,10,8,16,3,13423,13423,1364,55852090,3
0,1,23,0,30,1,194,194,133,1210720,1
0,0,2,0,19,0,426,426,191,884115,3
0,0,12,0,0,0,0,0,6,56,1
0,0,10,0,1,2,1,1,104,1011,1
0,1,2,0,1,1,342,342,3576,1262275,2
0,3,2,3,7,0,56,56,701,31710,3
0,7,7,1,3,0,106,106,158,440654,3
0,1,16,0,6044,175,32842,32842,32026,807998321,1
0,3,2,1,20,29,19197,19197,10944,30648554,2
0,0,14,0,0,0,1,1,4,246,1
0,0,7,0,162,12,7081,7081,2436,82471291,2
0,0,5,0,6,1,18,18,1963,145702,1
0,10,22,4,12,0,16435,16435,1425,3242854,2
0,0,13,0,0,0,2,2,29,1448,1
0,16,10,39,0,0,247,247,11,21830,3
0,1,22,1,7,0,542,542,91,610387,3
0,0,13,0,99,128,7,7,26,328,1
0,0,22,0,6,0,4,4,244,12855,1
0,81,3,40,41,0,15403,15403,3202,29275766,3
0,1,10,0,4,0,142,142,585,82549,2
0,0,6,0,4,4,20,20,14,9643,1
0,0,7,0,2,5,13,13,360,97910,1
0,29,9,11,168,5,566888,566888,104703,1659929072,3
0,0,12,0,2,8,45,45,212,219291,1
0,0,20,0,52,96,6,6,401,7247,1
0,1,8,0,32,0,64,64,4286,390770,2
0,0,18,0,0,0,0,0,3,500,2
0,18,3,10,47,8,16417,16417,8290,40341295,3
0,3807,3,1510,159,0,810007,810007,1220,501411102,3
0,1,9,1,1,0,892,892,44,310355,2
0,80,3,22,8,0,33706,33706,903,21202666,3
0,0,6,0,0,0,0,0,15,104,1
0,797,7,143,0,0,240234,240234,157,100019443,3
0,554,3,171,54,1,212262,212262,536,59646453,3
0,0,6,0,3,0,12044,12044,226,71588114,1
0,0,18,0,0,2,11,11,253,18929,1
0,0,18,0,77,93,191,191,381,82851,1
0,1,16,0,5,0,186,186,117,537274,1
0,0,15,0,31,5,619,619,560,6406259,1
0,1,11,1,3,5,82,82,239,255073,1
0,4,9,2,8,0,14519,14519,233,26773748,3
0,0,13,0,1,0,65,65,1939,597045,1
0,26,3,23,6636,1,5706,5706,347,2406773,3
0,0,4,0,3,0,0,0,25,684,1
0,0,15,0,1,0,1,1,33,4251,1
0,0,1,0,1,0,1,1,142,1181,1
0,0,9,0,1021,0,776,776,1239,131451,1
0,1433,3,484,422,22,318307,318307,1410,164012335,3
0,0,2,0,0,0,0,0,8,1939,2
0,0,20,0,0,0,0,0,9,70,1
0,68,11,1,14,2,25281,25281,179,9350836,3
0,5,7,0,1,0,4,4,11,5144,2
0,0,7,0,20,0,1861,1861,737,7335717,3
0,0,20,0,0,0,368,368,478,206386,1
0,0,2,0,45,7,561,561,3041,526201,1
0,0,8,1,30,39,7129,7129,9303,20827058,2
0,0,13,0,2,0,5205,5205,361,12973512,1
0,5,8,3,387,0,62536,62536,22304,545562331,2
0,0,22,0,2,0,224,224,516,237062,1
0,0,18,0,177,94,194,194,502,713449,2
0,0,18,0,2,0,69,69,1055,58192,1
0,957,3,2211,162,0,364797,364797,269,146946014,3
0,2,11,0,2,0,472,472,1532,4917284,2
0,117,2,8,0,0,39462,39462,25070,310748551,3
0,0,1,0,9,6,9205,9205,1141,3392242,1
0,0,7,0,0,0,0,0,17,178,1
0,2,11,0,8,1,24958,24958,598,22108199,3
0,0,19,0,1,7,1,1,19,874,1
0,0,1,0,3,28,2,2,1083,17291,1
0,0,15,0,621,18,131,131,5710,206812,1
0,7,2,1,0,0,2,2,6,1532,2
0,63,3,46,33,0,13308,13308,190,1230485,3
0,0,16,0,15,20,1038,1038,775,965049,1
0,8,3,0,42,0,1337,1337,791,3871460,3
0,0,20,0,28,5,4,4,6,54,1
0,3,9,0,20,0,448,448,33,1578696,3
0,0,10,0,0,0,0,0,15,1706,2
0,0,6,0,0,0,0,0,20,134,1
0,48,20,34,326,10,15400,15400,699,11381714,3
0,0,7,0,16,2,81846,81846,5005,602686603,2
0,0,18,0,2,1,13,13,464,24402,1
0,2,5,0,278,295,575,575,1413,3576239,1
0,0,7,0,12,0,17,17,247,28577,1
0,0,22,2,0,0,6384,6384,1217,2836602,2
0,20,13,9,4,1,23016,23016,432,21617545,3
0,1,17,0,170,0,150,150,10,2869,2
0,0,6,0,0,0,0,0,7,48,1
0,0,16,0,477,1420,158,158,3633,91252,1
0,8,11,5,15,15,29,29,33,30107,3
0,8,2,11,1,1,1653,1653,554,623905,3
0,0,22,0,0,0,536,536,312,82476,1
0,0,5,0,9,19,2,2,19,838,1
0,0,10,0,0,0,32,32,565,121389,2
0,0,5,0,5,3,13,13,36,8658,1
0,0,7,0,858,368,214,214,521,29903,1
0,2,16,0,135,17,107287,107287,698,509527825,2
0,11,7,1,213,438,90,90,417,86450,2
0,34,3,8,13,0,41331,41331,2316,11038664,3
0,388,14,283,193,9,199378,199378,1475,138498443,3
0,0,16,0,655,151,1611,1611,877,22539205,2
0,0,12,0,1,0,3,3,76,1424,1
0,0,18,0,28,2,21598,21598,293908,550160037,1
0,0,18,0,4,1,14,14,789,98284,1
0,1,20,0,89,599,199,199,273,59095,1
0,29,6,9,34,8,101274,101274,5722,389743652,3
0,0,7,0,6,0,1352,1352,4809,834856,1
0,1,13,0,1,60,13,13,874,39176,1
0,1,6,3,8,0,2381,2381,1945,4052781,3
0,1,12,0,1,0,22,22,31,137210,2
0,2,1,0,1,0,15,15,188,24620,2
0,2,20,1,4,3,3,3,3,84,1
0,19,2,23,1245,386,9796,9796,1013,16107493,3
0,4,3,3,20,5,34540,34540,6564,265552200,3
0,0,14,0,2,0,29,29,189,26243,2
0,9,15,0,4,0,2761,2761,420,121875048,2
0,2,16,0,3,41,3722,3722,3029,42760978,2
0,0,13,0,0,0,0,0,155,582,1
0,72,9,36,14,25,425803,425803,638,371747294,3
0,8,5,9,14,6,7632,7632,1563,17851869,3
0,1,18,0,2,0,7,7,74,7696,1
0,0,20,0,10,2,48,48,154,42649,1
0,0,4,0,0,0,1,1,5,1834,2
0,0,8,0,0,16,3,3,24,7645,2
0,1,8,0,2,0,295,295,104,18542284,3
0,0,20,0,49,3,483,483,1746,9971055,1
0,1,18,0,4,0,8067,8067,20410,95284077,1
0,481,3,133,63,2,119571,119571,1153,63236477,3
0,0,9,0,3,2,0,0,92,1284,1
0,0,13,0,0,0,1,1,2463,39846,1
0,0,22,0,1818,80,5873,5873,7252,8780074,2
0,0,9,0,20,0,2,2,143,3494,1
0,4,18,0,4,68,841,841,1718,3130080,3
0,0,15,0,0,0,125,125,894,1465754,1
0,0,15,0,6,0,131,131,2206,671316,1
0,0,9,0,0,1,0,0,28,639,1
0,0,16,0,0,0,114,114,117,66363,1
0,25,3,18,5,0,2828,2828,281,718591,3
0,9,6,3,191,0,298,298,19,175210,2
0,3,1,0,18,1,1066,1066,750,4153386,2
0,3,1,0,10,14,2147,2147,431,514711,1
0,0,15,0,1789,1,886,886,2657,674787,1
0,1,15,2,0,0,1,1,10,727,1
0,0,9,0,0,1023,1801,1801,5014,10883688,2
0,83,11,0,104,1,16100,16100,10143,304682569,3
0,44,3,16,21,6,6078,6078,661,1114411,3
0,0,8,0,77,136,170,170,938,187968,2
0,1,18,0,2,1,6762,6762,33799,48089706,1
0,0,15,0,0,138,295,295,2919,664217,1
0,2,17,8,146,177,287,287,259,46439,1
0,5,17,0,3,225,23,23,234,177175,2
0,1,1,0,0,0,16,16,194,791641,3
0,3,6,3,15,2,3652,3652,2120,2815924,3
0,0,6,0,8,279,663,663,1928,5009119,1
0,1,21,0,1,0,0,0,6,1993,1
0,7,2,0,0,0,1,1,75,15033,2
0,0,6,0,0,0,0,0,372,12667,1
0,0,16,0,94,358,339,339,769,519332,2
0,0,6,0,3,0,0,0,34,3009,1
0,0,9,0,10,2,8208,8208,5039,7976973,2
0,0,6,0,0,0,1,1,211,1151,1
0,0,10,0,0,0,0,0,36,3000,1
0,9,22,0,15,0,10615,10615,650,3248735,3
0,1,2,0,32,134,116,116,141,185819,2
0,1,8,1,0,0,1,1,34,1233,2
0,6,1,0,1,0,880,880,261,260880,2
0,0,13,0,17,5,59,59,481,486028,1
0,13,18,3,17,9,195,195,197,2199097,2
0,1,5,0,135,124,756,756,818,1459780,1
0,0,8,0,0,23,11,11,24,21017,2
0,0,15,2,4168,32,23832,23832,16646,202691587,2
0,1,18,1,0,0,1,1,13,1994,2
0,0,9,0,2,1,10,10,104,30095,1
0,14,10,6,1,1,19195,19195,325,5813892,3
0,10,7,3,1,0,5535,5535,3688,16129257,3
0,1964,13,0,11,2,1785,1785,1221,5807640,3
0,13,11,6,0,0,10,10,10,27247,3
0,0,16,0,5,1,874,874,1407,6165719,1
0,19,3,0,2,1,67,67,43,72473,3
0,0,22,0,0,0,6,6,74,1175,1
0,3,2,0,3,3,1,1,7,892,2
0,1,9,0,205,400,65,65,1205,296653,1
0,0,17,0,0,0,4,4,80,7340,1
0,4,5,7,337,825,1098,1098,511,1226387,1
0,3,11,4,0,12,680,680,2063,4415351,2
0,3,8,0,501,11,607,607,169,1865078,2
0,0,8,0,1,1,27,27,500,185823,1
0,0,18,0,136,26,185214,185214,27660,1560458578,1
0,0,2,0,12,2,879,879,891,537634,1
0,618,9,11,4202,28,4177,4177,391,1470853,3
0,1,20,0,4,2,34,34,69,10085,2
0,0,9,0,0,0,0,0,81,2261,1
0,2,16,0,10,318,523,523,32,128609,1
0,15,17,0,130,0,2490,2490,310,9537892,3
0,133,3,53,11,12,11203,11203,401,6742547,3
0,3,17,0,57,0,508,508,361,3452860,3
0,0,20,0,5,1,0,0,34,340,1
0,8,18,0,4,2,82,82,161,55601,3
0,0,9,2,65,0,216,216,151,111606,2
0,0,20,0,7,1,113,113,926,741957,1
0,0,2,0,0,0,35,35,4645,219014,1
0,32,3,21,49,19,174779,174779,2069,43596188,3
0,9,2,33,1586,46,1192,1192,751,1008290,2
0,0,4,1,6,8,9,9,19,3529,1
0,20,11,40,162,66,4019,4019,945,28387933,3
0,81,10,51,16,1,18705,18705,272,6123019,3
0,0,12,0,1,16,1,1,2123,9246,1
0,3,2,0,844,29,105835,105835,21788,534339299,2
0,0,6,0,57,48,6,6,130,16393,2
0,0,18,0,5,3,10,10,723,72253,2
0,1,21,0,3,3,0,0,45,4785,3
0,5,10,0,347,2,13504,13504,9841,64961018,2
0,1,11,0,10,4,388,388,1553,752437,2
0,0,16,0,2,0,0,0,69,1916,1
0,3,10,2,5,1,15006,15006,950,4477840,2
0,762,22,497,8,0,36330,36330,290,3636657,3
0,88,9,22,18,103,192560,192560,288,143624955,3
0,4,8,1,11,16,1355,1355,957,998513,2
0,0,14,0,28,3,79,79,134,16511,1
0,3,2,2,11,2,32921,32921,5135,18906959,3
0,0,14,0,99,17,1150,1150,1109,1950944,2
0,690,3,396,30,4,404815,404815,1689,169452250,3
0,0,22,0,0,0,0,0,127,1469,1
0,0,17,0,0,0,0,0,2,12,1
0,10,8,1,45,4,2542,2542,507,1800817,2
0,2,22,1,3,0,862,862,87,112184,2
0,2,3,0,0,0,334,334,765,671782,3
0,0,22,0,0,0,6,6,5,839,1
0,1,2,0,12,1,8,8,7,3081,2
0,1,8,0,0,0,28,28,209,8326,2
0,0,13,0,13,30,194,194,50,25381,1
0,0,13,0,0,0,0,0,3,24,1
0,59,3,9,1,0,1786,1786,413,4202204,3
0,0,2,0,3,1,0,0,6,227,1
0,0,5,0,3457,2,1373,1373,641,1032164,1
0,0,16,0,11,2,381,381,987,589828,1
0,2,2,0,22,0,5763,5763,4052,55964011,2
0,183,3,108,27,0,72512,72512,435,8463147,3
0,2,8,1,939,1,833,833,71,589949,2
0,191,3,37,20,2,4170,4170,67,119138,3
0,3,11,0,20,4,273,273,1180,1502240,2
0,0,2,0,2,3,104,104,1110,58150,1
0,54,18,16,60,121,31892,31892,2247,117826919,3
0,1,19,0,27,4,12880,12880,121044,642164241,1
0,19,1,15,30,9,2864,2864,66,249956,2
0,0,21,0,0,0,0,0,4,103,1
0,0,21,0,0,0,0,0,3,31,1
0,0,12,0,8,0,1,1,20,210,1
0,0,6,0,5,21,99,99,188,62512,1
0,1,8,1,5,1,126,126,430,52365,2
0,1436,3,569,40,17,174381,174381,1553,53836082,3
0,4,3,1,40,2,12950,12950,87,1444958,3
0,0,10,0,1,4,4,4,16,4955,2
0,1997,24,315,37,36,3210680,3210680,1230,2295293159,3
0,2,18,0,24,0,1036,1036,908,736434,2
0,0,7,0,0,0,0,0,9,302,2
0,0,16,0,13,0,11,11,448,193692,1
0,0,20,0,1,1,0,0,55,3059,1
0,145,3,50,1,0,68181,68181,853,54083857,3
0,2,2,0,274,58,9722,9722,2436,4447814,2
0,0,17,0,3,2,0,0,22,284,1
0,0,21,0,2,0,0,0,2,148,1
0,0,1,0,2,10,1,1,31,2248,1
0,0,4,0,1,0,0,0,5,578,1
0,1,17,0,1,0,3152,3152,272,7765936,1
0,6,8,1,17,335,724,724,593,1142316,2
0,152,24,26,0,0,220538,220538,135,40207569,3
0,0,15,0,0,0,3,3,148,16254,2
0,3,2,0,9,16,294,294,4453,2693994,2
0,0,2,18,23,233,170,170,285,1110793,3
0,0,18,1,1,0,3516,3516,74127,119350858,1
0,12,3,4,80,76,20576,20576,835,63728894,3
0,0,21,0,5,14,1236,1236,592,1774981,1
0,1,18,1,7,137,62204,62204,54843,1117766392,2
0,0,7,0,0,1,26,26,249,31980,1
0,7,10,0,4,0,7,7,17,13246,2
0,5,11,0,14,0,378,378,657,1508079,2
0,1,11,0,1,0,327,327,84,2011245,2
0,0,8,0,8,27,478,478,3227,597419,2
0,0,16,2,208,120,135,135,518,74556,1
0,0,20,0,12,552,268,268,1378,998444,1
0,4,2,3,3,122,226,226,294,1390465,2
0,0,5,0,4,2,1,1,27,1611,1
0,7,17,17,56,2,1141,1141,86,45118,2
0,9,14,1,39,79,10947,10947,2868,21324165,2
0,0,7,0,351,129,149,149,314,655617,2
0,0,7,1,9,1,87,87,970,202413,2
0,0,2,0,0,1,0,0,7,553,1
0,0,21,0,3,2,1,1,15,2140,1
0,15,6,14,0,0,45596,45596,489,14728150,3
0,0,17,0,2,5,6,6,74,5180,1
0,0,5,0,0,0,0,0,31,138,1
0,0,16,0,17,3,20,20,199,46425,2
0,0,21,0,0,0,0,0,240,1225,1
0,0,15,0,0,0,10,10,5321,39159,1
0,5,11,0,19,237,2404,2404,5621,14265340,2
0,3,11,0,45,34,12,12,62,173654,3
0,4,8,6,41,27,2434,2434,762,1538401,2
0,4,2,4,0,0,6198,6198,386,733686,2
0,0,9,0,16,1,34,34,29,5587,2
0,0,9,1,5,1,99,99,51,798269,2
0,0,16,0,0,0,0,0,40,1027,1
0,2,2,0,38,5,2783,2783,9820,9245781,2
0,3,9,3,149,28,7054,7054,408,4125371,2
0,0,10,0,0,0,0,0,8,57,1
0,1,19,0,327,140,1170,1170,292,1630234,1
0,236,3,104,33,0,99288,99288,1060,37509701,3
0,0,9,0,7,0,829,829,152,5977457,1
0,0,17,0,0,0,0,0,23,195,1
0,506,6,684,158,2,327945,327945,3017,174672872,3
0,0,22,0,0,1,0,0,30,164,1
0,0,17,0,0,1,0,0,8,354,1
0,1,11,0,1,0,10,10,193,152792,2
0,0,15,0,15,6,6,6,166,13134,1
0,7,15,0,4,2,2146,2146,640,36184641,3
0,0,20,0,74,7,822,822,4275,904051,1
0,623,3,158,3,2,38608,38608,255,12780759,3
0,1,22,2,2,0,10,10,7,285,1
0,2,9,0,0,0,13,13,96,17998,2
0,62,11,22,0,0,2466,2466,800,2445805,3
0,5,20,0,0,0,1902,1902,189,15582660,3
0,1,18,0,3,0,32,32,715,93785,1
0,14,2,18,2951,212,6065,6065,462,12508735,3
0,12,16,23,840,138,819,819,47,68869,2
0,0,20,0,1,7,33,33,163,55217,1
0,0,5,0,0,0,0,0,14,398,1
0,0,17,0,190,1,277,277,174,354210,1
0,3,10,2,375,331,328,328,962,24439,1
0,0,22,0,0,0,90,90,184,620616,1
0,0,19,0,70,486,213,213,984,1258749,1
0,0,9,0,71,7,995,995,327,1855479,2
0,5,8,1,7,4,2136,2136,967,1404223,2
0,3,18,1,2,2,3195,3195,1386,16571172,2
0,5,19,2,1,2,10136,10136,3520,112788039,3
0,0,22,0,0,0,26,26,70,1581,1
0,0,20,0,487,6,2814,2814,17866,37626828,1
0,0,15,0,13,5,21,21,373,105099,1
0,0,11,0,112,1,5728,5728,17926,55971090,2
0,1,21,0,1,0,1411,1411,2258,7294041,1
0,2,11,0,53,389,274,274,176,1351999,2
0,1,19,0,4,0,297,297,20149,991098,1
0,47,3,28,36,2,63997,63997,588,6379636,3
0,0,1,0,6,0,38,38,378,4472,1
0,0,10,0,5,7,663,663,753,144289,2
0,0,11,0,1,1,4,4,718,16552,1
0,3,17,0,11,2,554,554,339,2473564,2
0,1,7,0,1,4,10,10,109,24708,1
0,3,3,11,9,5,1606,1606,32,425644,3
0,0,17,0,3,2,103,103,716,927492,1
0,0,2,0,12,0,1038,1038,2615,13114060,2
0,1,5,0,1,3,4,4,169,9641,2
0,0,22,0,1,0,2,2,10,110,1
0,0,10,0,0,1,35887,35887,360,6057530,3
0,6,8,0,45,32,8,8,45,7451,2
0,5,8,1,57,19,17206,17206,6711,24397102,2
0,1,10,0,0,0,4,4,7,3993,1
0,1,1,0,2,0,53,53,1331,77180,1
0,21,3,5,8,0,352,352,998,899953,3
0,1,6,0,0,0,5,5,180,1767,1
0,0,9,0,22,10,15,15,43,10768,2
0,0,6,0,2378,55,481,481,3244,3038459,1
0,0,18,0,12,1,271,271,666,1679610,2
0,1,11,0,22,1624,779,779,325,1952516,2
0,81,17,3,88,0,255,255,107,816939,3
0,28,11,1,2,1,19586,19586,28085,172938571,3
0,6,3,0,5,4,152,152,65,364709,2
0,29,3,26,14,0,7110,7110,317,963238,3
0,1,11,0,14,2,7884,7884,7602,41334268,2
0,0,20,0,0,0,0,0,0,140,1
0,0,6,0,0,0,0,0,133,591,1
0,1,20,0,27,632,686,686,1162,3104289,1
0,0,3,0,0,0,7,7,52,83028,3
0,1,15,0,0,0,88,88,337,307615,2
0,16,3,9,64,10,9923,9923,331,2242348,3
0,0,4,0,17,7,27,27,178,59046,1
0,0,5,1,0,0,27,27,323,13628,1
0,1,5,0,0,0,0,0,14,314,1
0,0,17,0,0,0,0,0,75,7640,1
0,0,14,0,31,175,44,44,309,8211,1
0,1,21,0,1,0,0,0,83,3040,1
0,0,9,0,0,0,3,3,268,5624,1
0,2,3,2,281,43,219,219,56,19549,3
0,5,3,12,0,0,3763,3763,86,204418,2
0,5,3,1,5,1,1003,1003,1154,946604,3
0,0,16,0,5,0,3,3,146,10751,1
0,0,21,0,3,1,5,5,69,59026,1
0,21,17,0,16,0,7089,7089,746,44715903,3
0,0,13,0,0,0,0,0,9,491,1
0,23,3,17,13,15,2541,2541,154,322034,3
0,0,20,0,8,5,8,8,46,57459,1
0,0,13,0,0,0,1,1,18,135,1
0,0,14,0,0,0,0,0,7,310,1
0,0,21,0,2,4,1,1,70,1667,1
0,0,20,0,12,12,17,17,164,26643,1
0,0,22,0,0,0,23,23,147,1161,1
0,2,8,0,7,2,289,289,113,7389,2
0,9,3,6,3,5,15395,15395,10773,32027896,3
0,0,6,0,0,0,2,2,86,1897,1
0,0,21,0,0,0,0,0,2,28,1
0,4,10,8,113,4,246,246,462,409072,2
0,0,22,0,0,0,0,0,19,364,1
0,7,10,2,888,0,8348,8348,408,4076540,2
0,2,18,2,0,0,8,8,70,38490,3
0,5,11,0,0,0,14,14,325,135995,2
0,0,20,0,0,0,0,0,2,42,1
0,0,8,2,2,6,307,307,1885,3120568,2
0,0,7,0,1,0,4,4,102,16336,1
0,1,6,0,0,39,18,18,77,15249,1
0,1,13,1,0,1,8,8,28,11796,2
0,2,9,1,27,30,30,30,132,189333,2
0,0,13,0,0,0,0,0,997,2508,1
0,13,2,7,1,0,1718,1718,223,1247764,3
0,2,9,0,0,0,1,1,135,16051,2
0,2,2,1,4,3,563,563,94,1170360,2
0,4,3,1,20,1,3262,3262,6684,2140495,2
0,71,11,0,172,1,1705,1705,461,12278224,3
0,1,8,0,5,0,3132,3132,690,964017,1
0,174,7,12,0,0,4447,4447,1295,36103611,3
0,0,9,0,4,4,98,98,24,47203,1
0,0,6,0,0,0,0,0,43,281,1
0,0,13,0,0,0,0,0,602,337,1
0,0,14,0,0,3,0,0,20,1523,1
0,3,15,0,36,240,1508,1508,9392,45855820,2
0,0,6,0,0,0,0,0,4,61,1
0,1,9,0,0,0,279,279,24,34677,1
0,5,17,1,14,0,991,991,55,482188,3
0,23,3,16,40,14,13822,13822,1180,21391670,3
0,2,3,0,21,0,58557,58557,2588,36898019,3
0,0,22,0,1,0,1,1,72,573,1
0,18,6,17,26,1,4370,4370,232,1562506,3
0,1,9,1,50,29,86,86,32,22403,1
0,1,20,0,53,31,6759,6759,1939,34290799,1
0,0,11,0,0,0,17,17,1666,43190,1
0,0,21,0,9762,1053,957,957,2084,4203506,1
0,0,18,0,4,2,784,784,17253,13773294,2
0,0,21,0,23,2,1,1,5,75,1
0,7,3,0,14,0,29,29,116,95582,2
0,3,11,0,268,0,265,265,32,37609,3
0,0,16,0,39,13,36,36,259,92593,1
0,0,8,0,0,0,0,0,4,503,2
0,0,10,0,0,0,1,1,40,2558,1
0,0,16,0,3,0,754,754,55516,1850413,1
0,0,1,0,122,186,25,25,6270,25771,1
0,0,9,0,54,4,2351,2351,369,5253562,1
0,0,22,0,1,0,96,96,295,104008,1
0,0,21,0,0,0,0,0,15,190,1
0,0,4,0,0,0,0,0,17,35,1
0,136,2,126,226,5,13604,13604,148,4387363,3
0,0,15,0,1,0,11,11,121,45760,1
0,0,22,0,24,0,934,934,284,889267,1
0,2,6,0,13,7,56,56,34,39100,2
0,0,8,0,4,1,10,10,22,185025,2
0,0,12,0,9,25,14,14,252,9693,1
