357,2
102,2
1897.58,3
379,1
225,1
15,1
308.93,2
432,3
330,2
73,1
16.25,2
49.27,1
329,1
126,2
1908,1
33,2
176,1
298.14,1
460.64,2
708.35,3
250,2
94.23,1
2441.76,1
229,2
990,1
653.5,1
191,3
219,1
180,2
258,1
247,1
221.94,2
951,1
132,2
260.62,1
1470.8,1
24,1
429,2
605,2
80,1
136,1
87,1
338,1
225,2
139.47,1
236.05,1
303,2
292.13,1
2570,2
164,1
52,1
159,1
42,2
35,1
2506.36,3
1013.97,3
258,1
211,3
215,1
2287,1
256,2
85.22,2
17,1
2854.29,1
931,1
225,1
804.85,1
261,2
726,1
582,1
68.87,1
243,1
445.73,2
152,1
250,1
9456,1
260.57,2
48,2
413,2
169,1
568,1
702,1
427,1
448.93,1
2231.9,3
891.87,1
106,1
135,1
496,1
149.3,1
1427.28,2
637.76,1
581.71,1
847,1
796.82,1
662.6,1
388,1
61,1
270,1
384,1
1220,2
179.21,2
498.81,3
31,1
22,1
961,3
767.4,1
821.2,2
94,2
27,1
4127,2
179,2
644,1
148,2
56,1
28,1
150.93,1
585,1
254,2
392,1
228,1
89,2
238.84,1
27,2
84.06,2
206,1
224,1
293,1
127.01,1
455,2
399.75,2
380,1
180,1
114,1
32,1
303,1
104,1
55,1
261,2
376,2
101,1
304.55,1
121.3,1
33.53,1
37,1
166,1
134,1
36,1
85,1
8313.02,2
90,2
16,1
31503.91,1
266,1
16.58,2
807,1
31,1
36,1
235,1
352,1
751,1
123,1
31,1
156.69,1
85,2
49.64,3
170,1
275,2
178,3
23,3
49,1
22,2
41,1
137,1
212.53,2
351,2
122,1
2,1
134,1
115,1
292,1
75.56,2
67,1
40,1
326.66,1
40.08,1
654,1
924,3
12,1
218,2
136.95,1
30,1
486.55,2
257,1
310,1
137.69,1
86,2
18.11,2
1631,2
200.53,2
298,2
46,2
724.47,1
279.85,3
6186,2
190.82,3
715,1
52.27,1
45,1
27,1
102,2
371.66,2
404.77,2
445,2
23,2
339,1
839,1
316.58,1
225,2
428.13,1
2139,1
512.74,2
343,1
1992.83,1
1648,2
19,1
231,2
25,1
199,2
360,1
123.34,1
135,1
138,1
167.28,2
194,2
2875.7,3
1795,3
3.85,2
126,1
1282,2
2767.73,1
820,2
42.03,3
132,1
248,1
264,1
2064.58,3
522,2
10,1
327.08,1
109.09,3
972.13,3
10,1
6.69,1
121,3
56,1
3,1
456,3
68,1
490,1
2053,1
227,1
318,1
81.36,1
44,1
142.71,1
152,1
117.26,1
141,1
158,1
214,2
32,1
138,1
581.29,1
269.86,1
92,1
301,1
2100,1
1450.09,1
112,1
59,1
15.6,2
214,3
3636,1
301.53,2
950.02,1
33,2
945,1
157,1
45,1
161.8,2
254,1
160,1
281,1
926.8,3
297,1
883,1
204,1
995.11,1
60,1
155.81,2
337.01,2
97,1
41,1
233,1
6,1
662.6,2
75,1
646.03,1
98,1
167.28,2
104,1
68,1
608,1
1324,1
17.51,1
124,2
139,2
897.47,2
382.62,3
25,1
253,1
275.3,1
37,1
127,2
360,1
286.81,2
0.93,1
109,1
209.49,1
409,1
26,1
1355,1
378.44,2
120,1
2162.66,1
65,1
168,1
453,1
199,1
197.32,2
11.87,1
1544.73,3
143,2
319.27,1
125.9,1
82,1
299,1
13.47,1
106,1
168,1
43.14,1
276,1
314,1
349,1
1023,1
715.27,1
303.3,1
477,2
206.29,1
478.19,1
750,2
671,2
76,2
1363,1
168,1
42,2
236,1
1616.27,2
346,1
15.09,3
118,2
385,2
85.13,1
9,1
209.27,2
42.96,1
251.38,1
684,2
500,1
743,1
827,1
97,1
7,1
120,1
147.68,1
293,2
1524.6,3
30,1
941,3
12,1
110,1
890.4,1
38,1
98,1
128.08,2
810,2
305,2
909,1
61,1
68,1
138,1
106,1
1501,1
256,1
136.86,1
286.02,1
135,1
74,1
93,1
97,3
44,1
224,1
17,1
239,1
199,2
505.8,2
410,2
159.87,1
196,1
232,1
1775.35,3
337,1
78.58,1
120,2
2261.95,3
435,1
206,1
563.04,1
60,1
155.2,2
2447.33,1
537.17,1
505,1
600,1
225,1
197.74,1
822.03,1
131,1
183,1
652.71,1
2705,1
658.75,1
119,2
12.12,1
36.13,1
245,2
590.53,1
22,1
701,2
586,1
1391,2
23,1
80,1
55,1
4680,2
183,1
64,2
140,1
99,1
480,1
141,2
653.41,2
178.05,3
16,2
1035,2
76,3
602,1
59,1
900.05,1
270,2
97,2
27,1
973.19,2
61,1
302.42,3
240,2
200.43,1
172,1
319,1
255,1
27.07,1
140,1
237,2
295,1
616,1
242,1
90,1
277,2
211,1
152,1
124,1
1565.33,1
67.87,1
274,1
426.64,2
67.29,1
28,1
559.23,2
94,1
523.05,1
324.38,2
160.87,1
114,1
110,1
69.06,2
14,2
217,1
6371.88,2
468,2
120,1
2378.19,3
110,1
421,1
120.42,2
3033.13,1
209.12,3
455,1
1484.68,1
218,2
1083.3,2
421,1
34,1
734,2
15,1
295.68,1
1193,1
228,2
220.59,1
195,1
265,2
309.43,1
15.88,2
354,1
149,2
236,1
269,1
2691.8,1
270,1
276.13,2
46,1
676,2
243,2
5298,2
69.87,3
378.11,1
262,1
163,1
151,1
151,1
234,2
239,2
237,1
153.07,1
267,1
139.67,1
2339,1
6401.93,2
321,1
4,1
222,1
59,1
75,1
146,1
48,1
22,1
196.91,2
30.05,2
399.07,1
261,1
384,2
115,1
625.22,1
428.78,1
227,2
278.36,3
33,2
1408.07,1
140,1
180,2
48.34,2
415,1
176.15,2
2031,2
843,1
45.56,3
801,1
149.49,2
318.6,1
45,1
1783,2
7324.13,3
170,2
295,2
72.63,1
467.23,2
1491.37,1
1145,1
63,1
1027.87,3
87,2
190,1
753,1
222,1
959,1
70.96,3
905,1
196.67,2
88,1
113,1
80.13,1
1088,1
79,1
26.01,1
299,2
114,1
1316.47,3
457,1
44,1
2847.18,2
299,1
178.79,1
119.49,1
43,2
62,1
25.22,1
614,2
48.85,1
4631.47,1
857.56,1
70,1
36,1
195.84,1
84,2
291,1
207,1
274,1
205.08,1
136,1
379,2
298.24,2
573.07,2
266.19,1
233,2
247,1
235.08,1
40,1
390.79,2
932,1
33,1
225.47,3
137,1
643.8,1
13.98,1
1296.65,3
138,1
122.74,1
3,1
200,2
30,1
245,2
56,1
2639,2
227.23,1
47,1
292.01,2
919,1
1353,1
55,1
104.54,1
80,1
26.89,3
49,1
53.5,3
1508.46,1
78.62,1
128,1
379,1
94.13,2
63,2
30,3
2204.08,3
222,1
10616,1
269.77,1
354,1
219,1
333.2,3
51,1
47.88,1
303,1
626.66,1
642,3
151,1
213,1
1348,1
1195.13,2
355,1
183,1
257,2
203.07,2
65,2
30.07,1
1644,3
277,1
398.08,1
2330.8,1
357,1
103.24,1
496.3,2
83,1
121,1
116,3
212,1
574,2
94,1
124,1
257,1
124,1
82,1
1963.29,2
200,1
89.95,2
233.27,2
118,1
1714,1
378.02,1
636,1
324.06,2
123,1
275,2
208.84,1
204,3
247,1
62,1
432,1
167,2
122.74,1
275,1
915,1
352,1
81.22,1
38,1
494,2
1186.21,1
1960.67,1
609,1
869,1
909,1
17.67,1
144,1
204.89,1
887.27,2
233.78,1
30,3
831,1
153,1
83,2
69,1
943,1
229.09,2
182,1
17,1
73,3
23.45,1
186,2
632.79,1
113,1
326.05,1
298,1
219,1
1564,3
207.03,2
182,1
1421.76,2
170,1
46.72,1
617.6,1
104,1
201,1
176,1
154.32,1
13,1
353,2
74,1
64.04,1
151,1
1359,3
1109.03,1
11,1
158.07,1
7869.24,2
2403.27,1
562,2
15,2
331,2
136,1
362,1
81,1
20.9,1
344,2
79.55,1
293.93,1
107,1
155,2
659,1
50,1
213.67,1
3086.54,1
596.8,2
167,2
945.98,1
25,1
357,1
276,2
183.21,1
19,1
183,2
1304,2
260.02,3
341.43,2
18,2
325.68,2
620,2
214,3
4,1
20.29,1
6,1
129,1
57,1
393,1
681,1
8963.83,2
77,1
82.48,2
29,1
384,2
966.8,1
143.22,1
294,1
5056.98,1
370,1
24.75,1
59,2
696,1
78.62,1
106,1
54,1
248.41,1
929,1
79.37,2
828,1
347,1
306,2
42.91,1
920.95,1
13.93,1
5,1
15.74,3
15,1
563,2
326,1
3814.99,2
175.26,2
460.45,1
43,1
98,1
2523.36,2
46,1
27.07,1
27,1
1281.09,1
229.09,2
271,1
46,1
414,3
1986.19,1
189.15,1
63,1
409.93,2
431.29,2
46.67,1
33,1
341.66,1
162.45,2
815.95,1
39,1
540,1
438,1
206.01,2
880,1
47.42,1
64.23,1
29,1
49,2
279,2
1390.18,3
183.02,1
48,1
377.84,2
18,1
228,2
167.88,1
174.57,2
179.44,2
897.68,2
71,1
360,2
32,1
120,1
18,1
488.08,1
2484,1
241,1
241,1
27,1
1208,1
1809.48,1
115.4,1
187.11,1
109,1
418,2
235.93,2
201,2
643,1
225,2
1250.58,1
97.71,1
1477,3
153.34,1
171,2
981,1
2055,3
948.81,3
82,1
279.29,1
287,1
173,2
89.07,1
210,1
482.28,1
448,1
820,1
382,1
230,2
37,1
247,1
416,2
81.78,2
316,1
3653,2
22,1
648,1
22,1
1469,1
129,1
1233.68,1
967.44,1
30,1
120.09,1
367,2
122,1
5517.13,1
448.56,1
316,1
13.24,1
3856.14,2
190.59,1
539.86,2
6322.98,1
942,1
247,1
884.08,2
60,1
501,1
59,1
197.42,2
1062,1
129,1
15,1
10,1
2775,1
289,1
66.04,1
142.99,1
648,1
190,2
3844,1
273.9,2
223.28,2
258,3
1786.53,1
72,1
229,1
972,2
156,1
67,2
199,2
393,2
131,2
256.35,1
712,1
30,1
179,1
116,1
621,2
227,2
145.12,1
3309.45,2
229,2
83.27,2
6.59,1
1434.6,1
148,2
4432.32,1
522,2
331.91,1
89,2
1305.52,1
33,1
195,2
653.64,1
67,1
1171,1
101,2
321,1
419,3
127.38,2
100.45,2
77,2
337,1
195,1
90,1
519.62,1
2341,1
366.18,3
315.74,2
13,1
2812.35,3
570.7,1
176,2
1164.2,2
2445.34,2
143,2
666.74,1
165,1
226,2
103,1
200,2
1914,1
90,1
1006.17,1
181,1
210,3
178,3
1227,1
82,1
145,1
96.64,1
4740.35,3
223,2
81,1
196.16,2
15,2
282,1
55,1
266.8,1
139.51,1
469,2
24,1
363,3
890,2
154.83,1
215,1
58,1
257,1
223,1
702,2
34,1
210,1
817,2
225.14,3
194,2
367,3
50,1
155,2
14.13,1
5462,1
603,1
9.89,1
695,2
90.27,1
17,1
434,1
143,2
290,2
172.38,1
1303.75,1
850,2
662,1
412,1
619.69,1
13,1
129,1
54.29,1
241,1
1004,3
26,1
18.81,3
261,2
1120.32,1
140.67,1
122,1
133,1
3563.01,2
42,1
73.33,1
58,1
48.95,2
221,1
29,1
7,1
52.01,1
1391,1
267.82,1
608,2
744,3
182.93,1
1111.77,2
9.38,1
1709.87,3
318.25,1
43,1
342,1
537,2
195,2
328,1
225.28,1
5651.27,2
42,1
31,1
282,1
300,2
2367,2
15,1
269.72,1
145.87,2
40,1
6162.16,1
1187,1
917,1
1175,1
615.1,1
844,1
1733.09,2
146,1
59.35,1
16,1
574.42,1
36,1
85,1
253.33,2
216,1
90,2
525,1
280,1
579,1
917,2
220,1
9.89,1
38,1
2450,2
307,1
128,1
1572.41,1
15,3
163,1
286.13,2
185,1
405,3
995.67,2
71.98,1
75,1
239.82,2
368,2
155,1
778,2
188,1
1135.83,3
75,1
649.65,2
354,1
142,1
30,1
145,1
270,1
1370.77,3
27,1
3152,2
219.8,1
369,1
230.43,1
92.09,2
32.55,1
30,1
202,1
1874.47,2
187.52,1
141,2
891.92,1
300,1
11,1
326,3
434,2
326,1
227.42,1
69.52,2
203.64,1
13559.53,1
18,1
1454.6,1
261,1
146,1
200,1
1416.37,1
74,2
266,2
171,1
1548,3
218,2
362,1
301,2
145.31,2
72,1
928,1
406,1
970,2
123,1
169.97,2
241.73,1
100,2
184,1
710.67,1
94,1
1169.4,1
1324.65,1
81,1
238,3
241,1
1994.04,1
204,1
259.27,1
847,1
492,1
201,2
74,1
607,2
598,1
1082.61,3
287.09,1
65,1
124,1
61,1
158,1
640,1
61.49,1
33,1
49,1
230,2
473.04,2
102,1
17,1
637.67,1
384,1
3411.71,3
564,1
157,1
226,1
280,2
66,1
561,1
8,1
2729.88,1
472,1
155,1
330.75,1
178,3
2795,2
1117.9,2
15,1
456,1
133.7,2
92,1
118,2
243.73,1
298.89,1
217,1
433,2
2561.3,2
305.71,1
2698.81,3
683,2
0.2,1
37,1
118,1
14,1
203.08,3
2699,1
596,1
150,1
94,2
166,1
574.07,3
50,1
270,1
245,1
122,2
2255.4,1
22,1
137.88,2
594,1
44,1
222,1
59.86,2
3724.95,2
21,1
220.22,1
603,3
183.02,1
197,2
721.21,3
689,1
115,3
229.18,1
73,1
24,1
214.51,1
109.13,1
274,1
524,1
211.81,1
115,1
3669.22,1
112,1
2225,2
150,1
369.48,3
48,1
607,1
577,1
1393.4,3
1049.77,1
3052,1
247,1
217,2
110,1
45,1
2791,1
29,1
211,1
181,1
4648.07,1
790,1
79,1
247,1
363,1
15.46,1
36,1
332.73,1
1122.73,1
282,1
1245,2
8,1
540.2,1
214,1
263,1
243,2
1178.78,2
156.27,2
68.08,1
574.23,1
930.89,1
398,2
2462,1
433,1
87.82,2
355,1
751,2
348,1
36,1
338,1
33,1
386.1,1
5932.2,1
245,2
1037,3
55,1
88,2
2019.02,1
1904,3
105,1
1388,1
199.18,3
861,2
257,1
446.15,2
675,1
518,1
9329.73,3
899.91,3
418,1
127,2
194,2
734,1
57,1
3213.73,1
899,1
824,3
330,1
154,1
15.14,1
101,1
58.42,1
855,2
28,1
1275.7,3
163.75,1
115,1
451,1
494.59,2
136,1
187,2
256.81,1
232,1
35,1
1901.95,2
420,1
165.51,2
322.34,1
1342,1
498,1
501.88,1
486.5,2
174,2
68,1
32,1
36,1
1088,1
228,1
1728.73,1
870.38,1
36,1
243,1
611.61,1
173,1
300.05,1
1130,2
16,1
102,1
171.73,1
188,1
349,1
147.82,1
684,2
15,1
129,2
233.04,1
218.08,2
54.98,1
600,2
100,1
158,2
576.87,3
111.92,3
97,2
404,2
195.88,2
54,1
40,2
9.94,1
162,2
1256,1
37,1
425,1
43,1
71,1
2012.67,1
190,2
423.44,1
173,2
874.7,2
61,2
123,1
91.87,1
3251,1
1708,2
208,2
239,1
315.42,1
368,2
55,1
235.17,2
906,1
953,1
2229,2
170,1
18,1
385.03,2
1408,2
99,3
395,3
173,1
208,2
4,2
143.22,2
237,2
843.95,1
554,3
1640,2
197,1
650.93,1
250,1
224.54,1
294,2
3315.27,3
2730.02,1
1419.53,1
1821.98,1
55,2
2577.18,1
58.37,3
98,1
93,2
2749,1
206.94,1
774,1
335,1
377,2
159,1
553,1
29.16,2
140.87,1
50,1
243,1
39,2
4835.69,1
120,1
632,1
682,2
150,1
1674,2
715.31,1
1218.4,1
40,1
189,1
691,1
81,1
633,3
2356,1
147.63,1
122,1
250.08,1
274.41,1
300,1
208,2
36,1
9,2
259,2
223,2
1438,2
270,1
5553.47,1
30.19,1
7381.86,1
732,1
245,2
90,1
270,1
2509.61,1
3101,1
2755,1
177,1
68,2
249,2
707,2
8374.93,2
754,1
221,1
62.74,1
254,2
305,3
49,1
210,1
1985.63,1
76,1
177,1
100.5,2
194,1
574.88,2
368,1
625,1
258.87,2
4292,1
309.01,1
173,1
1049.4,1
144.73,1
2234,3
482,1
827.42,3
56,1
840,1
717,1
264,1
95,1
28,2
857,1
13,1
48,1
38.92,1
977,1
780,1
16.16,1
258.76,1
232,1
506,1
713,1
1128,1
282,1
779,1
88,3
91,1
384,1
2106,1
46.9,1
68,2
57.86,2
741.93,1
273,1
1212.69,1
3132.46,1
362,1
151,1
3819.82,3
92,1
140,1
381.88,1
218,1
693,1
1945,2
254,2
34.78,1
1360.32,3
655.87,1
367.39,1
635.48,1
70,1
509.82,1
37,2
107,1
70,1
506.2,3
487,2
639,1
197.47,2
1206.09,2
20,1
127.11,2
244.6,2
184,1
406,1
339.62,2
707.56,1
30,1
182,2
302,1
124.69,1
57,2
1245.15,1
274,1
193,2
162,1
14,1
438.07,1
305.57,2
159,1
55,1
528,1
297,1
2272,3
992.2,1
48.81,1
3085,2
271.3,1
2330,2
327.08,3
80,2
284.13,2
74,1
579,2
703,1
10,2
32,1
101,1
946,2
2150,1
182,2
402.45,1
312,1
285,1
15,1
750.93,3
341,1
180.42,1
211,1
219,2
48,1
832.11,1
134,1
202,1
198,2
28,1
338.73,1
252,1
299,2
2899,1
759.76,1
222,1
444.53,3
111,3
48,1
463.7,3
45,1
225.65,2
59,1
292,1
260,1
1200.89,3
122,1
121.07,1
220,2
173,2
192,1
55,1
723.16,2
69,1
3334,1
940,1
22,1
273,1
413.04,2
832.33,1
235,1
6049.91,2
252,2
2170,1
195,1
34,1
1161.69,2
807.27,1
1253,1
3174.8,2
80,3
256.12,1
134.4,1
140,1
29,1
400.87,1
69.38,1
60,1
47,1
144,1
1430.67,1
436,2
75,1
2057,2
200,1
2393.79,2
815,3
85,2
276,1
1346.76,2
183,1
14.58,1
132,1
41,1
126,1
619,2
38,1
235.78,3
20.87,1
171.04,1
265,1
20,1
140,1
52,1
494.35,1
313,2
423.95,1
491.66,1
142,1
84.57,1
464,2
290,1
85,1
651,2
263.45,1
355,1
104,1
3146,1
413,1
208,1
74,1
235.08,1
198,1
17,1
170,1
221,1
484,2
710.07,2
68,1
222,1
3580.24,1
249,1
55,1
160,1
316,1
287,1
200,1
17,2
2104.15,1
34,1
37,1
103,1
744.01,1
1623,1
975.42,1
68,1
526,1
209,1
2603,2
110,1
196,2
491,1
341.66,2
120,2
243.48,1
59,1
96,1
1811,1
130,1
644,1
150,2
98,2
105,1
294,2
50.67,1
102,1
11.56,1
376,1
118,2
251,2
138,1
1679,2
165.42,2
298,1
420,2
240,2
198,1
1637.19,2
335.25,1
246,2
434,1
90.14,1
89.03,1
28.47,2
88,2
987.78,1
829,1
11.01,1
261,1
970,1
148,2
50,1
429.52,1
2005,1
356,2
1085.77,1
33.3,1
181,1
566.4,1
356,1
143,3
174,1
428,2
216,1
44,1
84,1
65,1
7283.31,1
107,1
248.92,1
333,3
602.07,1
242.93,1
281,1
2,1
1134,1
68,1
56,1
315.05,2
283,2
292,1
1368.13,2
299.21,1
110,1
198,2
268,1
824,1
240,1
48,1
85,3
195,2
105,1
430,2
242,1
220.54,2
272,2
48,1
152,2
41,1
430,2
301,1
292,2
731,1
719.77,2
246.04,1
525.1,1
660.19,1
47,2
191.61,2
2702.2,1
244,3
330,1
27.96,1
283,1
631.07,2
2004.81,1
28,1
931,1
317,2
544.74,3
1630.87,1
207,2
234,1
398.87,1
1301.99,1
140,1
218.41,2
6,1
260,2
239.86,1
202,2
1639.42,3
128,1
102,1
49.37,1
67,1
7621.9,2
264,1
10,1
4160,3
190,1
807.17,1
1421.76,2
16,1
247,1
368,1
238,1
250.4,2
1896.42,1
151.72,1
558,2
985.93,1
600.13,1
128,1
30,1
112,1
88,2
250,1
840.38,2
123.86,1
500,1
55,1
316,1
232,1
98,1
266,2
1214,3
364,1
250,2
13,1
294,1
291,1
18,1
195,1
107,1
280,2
126.92,3
294.2,2
29,1
600,1
159.61,1
25,1
1879,1
467.88,2
1105.87,3
3,1
229,1
96,1
634,3
361,1
96,1
73.61,1
79,1
188,2
471.69,1
509,1
670,2
202.34,2
33,1
111,2
221,2
258,2
1171.68,1
15.05,1
228,2
848.92,2
2874,1
6985,2
201,3
145,1
273.02,1
261.13,3
7,1
1125,3
89.77,1
5289.97,1
176,2
260.67,2
330.42,2
261,1
818.74,2
39.4,1
419,2
647.51,1
136,2
46,1
135,1
656.75,2
336.13,2
166,1
128,2
95,1
185.25,2
132,1
34.64,1
360.56,2
423.3,2
901,1
2032,2
236,2
177,1
380,1
15.13,1
600,1
30.53,1
650.2,1
321.46,1
9243.21,2
33,1
233.64,1
290,1
159,1
139,1
21,1
149,1
288,2
223.14,1
619.88,1
152,1
264.06,2
64,1
80.62,1
760.36,1
70,3
1200,2
749,1
301,1
40,1
2440.88,1
192,2
300.47,1
617.05,1
381.4,1
277,1
291,1
495,1
1043,1
159,1
109,1
71,3
312,1
34,1
64,1
128.07,1
1440.1,1
195.84,1
1146,1
106,2
206.01,2
312.35,2
193,2
51,1
467.19,2
159,1
3709,2
4937.49,1
7722.07,2
848.99,1
227,2
3237,1
2523.68,1
636,1
203,1
36,1
263.78,1
252,1
1883.56,1
92.23,1
91,1
96,2
334.79,2
210,1
204,2
70,1
369.71,1
9.2,1
98,1
182,1
183,1
347,3
240,1
1740,1
1229,1
89.95,1
85,1
299.03,1
895,1
111,1
22,1
311,1
184,2
83,2
163,2
37,1
379,1
1235.02,2
140.95,2
341,2
18.76,1
440,1
96.36,1
472,1
213,1
51,1
209,1
8,3
3377.99,1
94,2
392,1
213,2
1285,1
516,1
287.93,1
105,1
122,1
15,1
281,1
511.95,3
157,1
256,2
371,2
550.73,1
177,1
1500.61,1
157,1
265,1
115,1
303,3
163,1
1,1
3849.59,2
247,1
384,2
1045.59,2
1963,3
126.22,1
19,2
15,1
259,1
247.76,3
156,1
220,1
238,1
493.66,3
81.22,1
999.48,1
195,1
92,1
616,1
535,2
371.84,1
131.56,1
123.67,3
228,1
1209,3
435,1
35,2
483.3,1
228.58,3
57.82,1
667,1
788.55,1
298,2
258.76,2
16,1
250.87,1
47,1
22,1
976,1
111,1
1396,1
135.14,1
87.63,1
186.18,1
706,3
229,1
19,1
3172,1
151.77,1
187,2
934.14,1
752.42,1
349,1
23,1
107.04,1
203,1
136,1
222.31,1
328,1
337,1
818.46,1
110,2
220,3
91.44,1
51,1
197.83,1
89.35,1
951.23,1
25,1
306,2
4327.5,1
259.92,2
295,1
68,1
34,1
556,2
181,1
87,1
214,1
474,1
235.73,1
110,2
110,1
855,1
1020.15,2
4012.41,3
1416,3
97,1
49,1
36,2
15,1
677,1
190,1
612,1
19,1
3212.02,2
182,2
240,2
744.25,2
322,1
1452,2
303,1
198.27,1
49,1
39,1
1802,1
254.03,1
136,1
2488.95,1
68,1
395,1
289,1
361.26,2
923.36,1
360,1
288,3
4055,3
109,1
124.55,1
240,1
214,2
238,1
239,1
750,1
36.83,2
265,1
13,1
129,1
226.49,1
476,2
216,2
317,1
272,1
1125.8,1
795,2
74.12,1
233,2
177.4,1
496.81,1
101,1
742.13,2
755.62,2
219,1
18,1
29.81,1
993.58,1
41,2
3710.97,2
351.04,2
38,1
2334.44,3
1200,1
44,1
57,2
352,3
3108.04,1
229,2
81,2
278,1
385,1
217,1
260.48,1
191.47,1
37,1
782,1
308.08,2
262,1
37,2
90,2
3296,2
71,1
276,2
99,1
88,1
1093,2
70,1
182,2
817,1
117,2
133.65,1
1863.13,1
893,1
866.89,1
18,1
582,2
5374.33,3
3179.47,1
211,1
195,2
10.13,1
994,1
11.07,1
31.35,1
53,1
124.6,1
129,1
550,3
4,1
308,3
23,1
56,1
135,1
108.2,1
615,1
302,2
402,2
572.88,2
166.44,1
82,1
24,1
364.09,1
753.77,2
174,1
45,1
39.2,1
1616,2
6840.6,1
51,2
948.12,2
40,1
421,1
251,1
294.01,1
37.66,1
211,1
144,1
637.48,1
15,1
2671.69,1
62,1
754.14,1
530.53,1
91,1
11,1
4953.93,2
184.47,2
61,1
3402,2
551,1
178.19,1
85,1
176,2
358.56,2
526,1
124,1
219,2
136,1
256.21,2
375.28,2
1518,2
569,1
558,1
1723.57,1
129,2
105.98,1
235.26,3
521,1
274,1
300,1
3255.62,2
18,3
555,2
328.24,1
600.07,1
513,2
3572.93,1
2371,1
70.08,1
140,2
251,2
173.64,1
107,1
15.23,1
19,1
206,1
14,1
215,2
352,2
150.37,1
132,1
146,1
187,2
295,1
280,1
268,2
20,1
5,1
5139.09,3
125,1
1531,1
1451.57,1
1456.91,3
1465.69,2
1021.67,1
58.51,2
313.52,1
15,1
263.27,1
601,2
259,2
268,1
213.27,3
1191,1
61,2
207,2
28,1
293,1
30,1
273,1
312,1
1353,1
1000.97,1
15,1
2223.8,1
674,1
100,2
135,1
235,1
413,2
613,1
268,1
264,1
62.14,2
92.09,1
593.86,1
7100.76,1
254.35,1
1145,1
40.45,1
163,2
554.49,1
240,1
186,1
302,1
242,2
84.43,1
418,3
156,1
701,1
103.07,2
300.09,1
129,1
267.54,1
769.74,1
189,1
471.13,1
262.62,1
115.73,1
15,1
241,2
429,1
516.5,2
909,1
240,1
110,1
1898.6,1
393.25,2
114.29,2
190,1
39,1
256.53,2
65,1
69,1
201,2
118,1
855.24,1
206,1
283,2
152,1
239,1
281,1
210,1
21,1
175.82,1
108,1
4506.07,3
230.39,2
682,2
346,2
2563,1
972,2
377,1
294.1,1
270,1
837.8,2
637.76,2
292,1
1977,1
1798,1
408,1
224,2
17,1
996,1
86,1
368,1
1092.82,2
1025,1
602.88,1
665,1
396,1
218,1
24,1
1822.02,1
205.54,1
195,2
209.07,2
1567,2
320.16,2
44,2
840.73,1
88.33,1
132,1
52,2
407,1
332,1
951,2
341,1
3037,1
7773.53,2
6666.03,3
272,1
3824.42,2
45,1
180.53,2
42,2
214,1
926,3
73,1
257,2
394,1
292,1
259,2
7,2
55.77,1
180.93,2
257,1
525,2
17,1
205,1
314,2
283,2
139,1
158,2
301,2
32,1
107,3
1590,1
113,1
17,1
979.46,3
754,1
1474.47,2
39,1
205,1
178,1
1552,1
3606.62,1
382,1
1451.94,1
12,1
441.13,2
574,1
410.85,1
51,1
25,1
66,1
58.98,1
149,1
1879.56,1
189.34,1
254,1
257,1
372,1
126,3
159,1
173,1
15,1
957,1
64.18,2
227,1
246,1
1495,1
971.15,1
47,1
93,1
243.62,1
100.4,1
171,1
93,1
31,1
205,2
288,1
182,1
584.47,2
42.6,1
90.74,1
2186.95,2
98.08,2
444,1
481,1
440,1
46,1
53.53,1
261,1
278.33,1
211.21,1
485.11,1
29,1
1713.49,3
3914.84,1
110,2
290,1
72,1
1814.87,2
207,1
3425.22,1
61.07,1
32.51,2
234.52,3
223.79,1
152.65,1
189,1
787,1
753,1
319,1
74,2
70,1
111.73,1
689,1
255.33,1
18,1
55.12,1
108,2
232,1
617,2
3242.57,2
287,3
377.18,1
427.29,1
307,1
198,2
771.92,1
4,1
198,1
406.93,1
227,1
15.14,2
105,1
39,2
830,1
1221.56,2
181.3,2
177,1
59,2
587,2
324,1
14,1
15,1
392,1
268,2
235.26,1
306.87,1
17,1
201,1
1798.66,3
90.37,1
663.77,2
312.33,1
559,3
45,1
6024.84,1
1956,1
130,1
6284,1
46,1
29,1
229,2
93.81,1
40.73,1
433,3
7,1
509,1
320.9,1
143.64,2
3036.47,3
233,1
92,1
16,1
222,1
199,2
487.9,2
1295.3,3
185.06,1
36,1
77,1
349,3
48,1
260,2
1356,1
18,1
121,1
7907.65,2
1391,1
466,1
38,1
831.13,1
554,1
323.69,1
435,1
89,1
97.48,1
1051,1
1578,3
312,1
60,1
943.01,2
339,2
462.82,1
238,2
948,3
219,2
358,1
90.28,3
221,1
200,2
2852.43,1
1099.67,3
105,2
90.6,1
318.07,1
219,1
375.84,1
337,1
251,1
33,1
1333.85,1
70,1
505,1
540,2
160,1
196,1
450.79,2
40,1
35,2
88,2
1027.62,1
878,1
117.35,2
182.83,2
406,1
569,1
382.01,2
585,2
229,1
20,1
573.95,2
14,1
938,1
172.25,1
111.87,1
1667,1
151.63,2
117,2
238.84,1
86,1
29,2
40,1
157,1
759.71,1
1223,1
118,1
585,1
90.28,1
233,2
398.27,2
138.93,2
174,1
228,1
963,2
3401.54,1
64,2
159.29,1
11,1
47,1
254,2
152,1
20,2
374,1
162,1
78,1
192,2
208.98,1
454.83,1
266,1
102.96,1
240,1
364,1
50,2
141.55,1
2109,1
15,1
417.87,1
426,2
187,2
233,1
66.69,1
222,1
91,2
337,1
249,2
175.54,1
245,3
49,1
41,1
14.3,1
152.09,1
258,1
211,1
60.37,1
110.39,1
363,1
110.27,2
602.67,2
169,1
118,2
6.27,1
207,1
100,1
619,2
322.71,1
24,1
230,1
212,1
271.44,2
97.01,1
238,1
45.19,1
213,2
75.93,1
27,1
162.08,1
208.89,2
1358.55,1
286,1
961.17,3
85,1
282.91,2
490.64,1
7905.14,2
33,1
141.83,1
1972,2
369.4,1
180,2
168,2
255,1
196,1
25.77,1
538.56,2
260,1
47.97,1
11,1
1947.83,3
146,1
17,1
165,2
950,1
217.25,3
21,1
19,1
461.61,1
196.12,1
93,2
732,1
138.76,1
633,1
1141,1
111.87,3
604.23,3
671,2
213,1
148,2
1368,1
37,1
345,1
226,1
213,1
1039.93,1
93.9,2
250.45,1
311,2
131.7,1
4096,1
904,1
272.42,1
365.2,2
671.53,1
251,2
176,1
707,1
448.98,1
226,1
805,1
743.4,1
1332.18,3
2694,1
116,1
100,1
2317.77,3
353.53,2
171.92,2
664.04,1
35,1
141,2
660,1
215.81,1
212,2
4210.38,1
67,1
645.33,2
106,1
338.59,1
67,1
1442,1
44,1
13,2
296.61,3
41,2
2891.12,2
22,1
324,1
28,1
155,1
2638.27,1
61.16,2
47,1
80.29,1
824.03,1
112,3
244,2
219.89,2
1437,1
214.27,1
77.04,1
708,2
14,1
265,1
132,1
780,1
95,1
82.4,1
15.19,1
166.35,2
690,3
194,1
44,1
7,1
293.55,1
2701,2
174,2
870,1
655.55,1
295.73,1
35,1
21,1
328.14,1
102,1
311,2
61.21,1
174.75,1
482.05,1
7583,2
938,1
573,2
289.53,2
5022.62,2
127,1
164,1
98.64,2
303,2
257.23,1
2462,1
371,2
947,3
218,2
64,2
1639.1,1
128,1
162.17,1
181,2
874.23,1
99,2
892.47,3
209.68,2
20,1
228,1
1595.68,3
226.02,1
164,2
271,2
14,2
248,2
3887.21,2
216,1
233,2
663.81,1
27,1
3703.49,1
85,1
155,1
211,2
4,1
1204.33,2
70,2
283.14,2
591.69,1
399,1
1395,2
330.09,2
331,1
47,1
1071.32,1
42,1
492,1
13,1
120.09,1
535.31,2
234,1
246.6,2
1187,1
65.67,1
4352.39,3
8.93,1
17,1
68.87,1
241,1
1901.16,3
7.94,1
300,1
258,1
221.47,2
208,2
323,1
70,1
550,1
413,1
552.82,3
101,1
223,1
129,3
14,1
245,1
343.24,1
190,1
150,1
1588,3
170,1
143,3
116,1
34,1
5475,2
48.16,1
118,1
16,2
204,1
33,1
225,2
20,1
840,1
168,1
328,1
653,1
307.39,1
227,1
61,1
108.67,2
704.96,3
72.59,1
173.08,1
238,1
319,1
87.31,2
1014.67,2
791,2
3316.13,2
3870.95,1
66,2
289,1
275,2
161,3
87,2
694,2
197.42,1
838.7,1
254,1
216,2
463.28,1
101,1
95,1
163,1
166,1
730.55,1
73,1
211.12,2
7831.77,2
248.83,2
30,1
107,1
89,1
28,1
24,1
67,1
364.65,1
338,1
221,1
1822.3,1
69.06,1
175.68,1
93.73,1
189,1
2049.53,1
16,1
89,1
1511.76,1
28,1
41.94,1
751.4,1
27.21,1
121,1
2573.75,1
324,1
251,1
207,1
3333.78,2
116,1
304.04,2
226,1
285,1
14,1
716,1
331.44,1
217.48,1
157,1
174,1
625.13,2
10,2
231,2
179,1
235,2
136.33,1
123,1
97.4,1
59,1
75,1
67,1
202,2
335,1
656.75,1
2511.61,3
237,1
1127.28,1
1750.46,3
52,1
1794,2
250,1
134,1
344,2
54.61,1
490.92,1
7628.45,2
176.43,1
18,1
417,1
57,1
370,1
57,1
66,1
306.87,2
1359.85,3
311.57,2
50,1
69.85,1
1421.43,2
29,1
1019.17,1
208.19,2
273,1
1901.16,3
522,2
236,1
2232.6,2
37.15,1
40,2
2434.47,1
111,1
17,1
690.42,1
183,1
1676,1
132,1
13,1
15,1
577,1
628,1
287,1
365.16,1
1640.12,2
127.11,1
759,1
53,1
268,1
621,1
229.83,2
9,2
83,2
45.46,1
6.22,2
226.02,2
258,1
32,1
152,1
5.06,1
67,1
30,2
287.46,2
582.17,1
133,2
76,1
4086,2
440.39,1
86,1
421.49,2
11.61,1
222.91,2
361.07,1
650.53,1
48,1
1046.99,1
163,1
184,1
368,1
300.37,1
31,1
28.37,1
887.42,2
20.2,1
472.48,2
342,1
1987,1
48,1
198,1
4008.09,1
266,2
102.59,1
193,1
482,2
217,2
613,3
15,1
186,1
356.57,1
75,2
131.98,1
68.17,1
324,1
18,3
81,1
383,2
488.13,2
2260,2
2651.93,1
28.89,2
167.04,2
1087.99,2
646,1
775,1
737.2,1
245.39,2
81,1
364,1
152,2
635.62,3
1302,3
899.17,1
203,1
308,1
223,1
71,1
192.03,1
198,1
471,1
74,1
66,1
889.93,2
168,2
50,1
34,1
696.23,1
226,1
83,1
84,1
105,1
94.37,1
48,1
270,1
35,1
344,1
237,1
629.08,1
396,1
1171.45,1
14,1
867.96,1
179.58,1
67,3
555.8,1
86,1
240,1
1378,1
207.96,1
398,1
388,1
689,1
150.28,2
108.95,2
372,1
58,1
146,1
277.93,1
247,2
525.47,2
370,3
99,1
1771,1
555.98,1
168.58,2
431,1
303,2
1760,1
242,1
185,1
256,2
178,1
400.07,1
151.3,1
865.73,1
428.04,1
162,1
163,1
167,1
390.75,2
222,1
91,1
184,2
2023.06,1
60.28,1
22,1
320,1
184,1
81,1
259,1
34,1
110.13,1
42,1
17.88,1
213,1
76,1
116,2
40.27,2
1610,2
403.42,3
469.88,1
154,1
6,1
196.39,1
4847.58,1
91,3
95,1
29,1
48,2
127.38,1
202,2
356,1
738,1
400,2
85,1
373,2
508,1
388,1
626.38,1
251,2
784,1
5819.43,2
658,1
307.73,2
509,1
1800.01,3
330,1
301.27,1
7,1
284,1
187,1
225,1
696,2
53,2
182.28,1
126,1
134.95,1
634,1
533,1
990,1
2238.5,2
454,1
209,1
172,1
885,1
1,1
1037,1
679,2
225.47,2
99,1
4626.53,1
1418.65,2
3606.76,1
302,2
28,1
270,1
51,1
236,2
464,2
285.42,3
254.44,1
14,1
159,1
563,1
8443,3
257,1
75,2
55,1
604,1
242,1
187.8,1
1530,2
584,2
598.75,1
206.27,2
126,1
611.94,1
2649.12,1
1282,1
108,1
508,1
48,1
158,1
215,1
39,1
65.16,1
142.15,2
132.03,1
751.44,1
34,1
299,1
2769.95,1
95,2
418.7,1
63,1
33,1
120,1
126.04,2
474.85,2
115,2
378.07,1
58,1
85,1
603,1
236.1,2
235,1
1135,1
56.07,1
2498.42,3
44,1
100,2
508.1,1
580,1
20,1
10,1
420,1
43,1
35,1
258,1
160,1
27,1
474,3
968,1
274.55,1
430.36,2
205.08,1
587,2
335,3
358.75,1
29,1
2497.27,1
191.29,1
208.42,1
60,2
1912.35,1
310.64,2
97,1
19,1
56,1
276,1
941,1
61,1
248,2
342,1
39.2,1
723.07,1
164,1
220.4,3
65,1
20,1
515.3,2
129,2
58,1
9,2
360,2
165,1
356,1
237,1
157.07,1
62,1
35.99,1
198,2
40,1
828,1
296,1
149,2
183,2
230.57,1
163,1
227.42,1
441,1
29,1
363,2
128,1
800,1
63,1
143.73,1
133,3
348,1
235,2
191,1
626,1
122,2
267,2
71,2
271.58,2
45,2
777.31,1
302,1
210.47,1
591,1
130.45,2
150.05,2
549,2
85,1
389.49,1
312.12,1
169.88,1
40,1
154.78,3
322,2
261.87,2
829,2
234.38,1
361,1
14,1
519.29,2
257,2
397,1
301.07,1
794,3
30,1
752,3
27,1
77,2
149,2
328.79,3
447.96,2
828,3
211,2
945,3
201,1
1613.32,1
1530,2
1479,1
196,1
54,1
55,2
418.05,1
388,1
298,1
77,1
592.81,1
39,1
6,2
242,1
997,1
146,2
140,1
151,1
1451.9,2
99.75,1
178,1
138,2
128,3
206,2
61,1
279,2
206.98,1
75,2
110,1
138,1
223,1
204,1
180,1
203,2
195,1
151.8,1
8,1
158,1
242,1
472,2
2414,1
426.4,1
203.87,1
257,3
186.04,2
25,1
160.03,1
35,1
691,1
111,1
1212.04,1
220,1
72,3
308,3
1526.39,3
160,3
2211,3
87,1
173,2
315,1
91,1
11,1
162.35,3
73,1
8,1
174.75,2
398,1
397,1
1174,1
365.39,1
67,1
23,1
403,2
1274,1
683,1
355.54,1
41.1,2
1173.26,2
177.12,1
89,2
527,1
202.71,3
23,1
367,2
219,1
35,1
117,1
1735,2
731,1
115,2
1039,1
389,2
205,1
181,1
268,1
262.29,1
422.56,1
1228,1
1174.37,3
165,1
82,1
2770.14,3
149,1
233,1
302,2
550,1
194,1
20,1
139,2
52,1
810.8,1
483.35,1
303.3,1
206,2
31,2
2309,1
22,1
632,1
192,2
77,1
175,2
399.1,1
2796.29,1
247,1
720,2
82.66,1
2109,1
10,2
1275.13,2
110.06,1
248,1
62.83,1
3406.69,2
415,2
272,3
59,1
221,1
326.98,2
305.44,3
49,1
1205,1
496.02,2
1026.28,1
2948.47,1
99,2
198,2
194.12,2
186,2
453,3
243,1
2636,3
91.81,1
82,1
77,1
1250,1
215,2
264.61,2
1747.47,1
411.33,1
14,1
3.62,1
712,1
647,2
233,1
240,2
306,1
508,1
1254,1
187,2
2230,1
315,1
1129,2
426.97,1
30,1
148,1
280,2
10,1
523,1
82,1
2373.54,1
236,1
697.06,1
423,1
115.08,3
1366.87,3
181,2
25.36,1
11,1
30,1
308.13,3
19,2
336.46,3
11,1
339.48,3
609,2
620,1
30,1
158,1
51,1
168,1
157.06,2
30.28,1
68,2
74.33,1
45,1
113.73,1
69.94,1
116,1
208,1
63,1
276.32,1
1415,2
275.95,1
109,2
199,1
324,1
183,2
218.31,1
180,1
292,2
60,1
220,1
622.16,2
258,1
282,1
54,1
322,1
939.25,1
150,1
101,2
275,1
120,1
68,3
450,2
27,1
66,1
142.06,1
728,1
137,1
182,1
293,1
393,2
26,1
1156,3
206,2
204.61,3
22,1
31,1
307.53,1
64.51,1
78.39,1
30.28,2
16.02,1
79.55,2
255,1
546,1
82,1
284.72,2
1460,2
494,1
9,1
350,1
58,1
117,1
785.95,1
34,1
271,2
278,1
112,1
616,1
76,1
249.1,2
481,1
3239.04,3
54.8,1
234,1
12,1
169,1
1680.2,1
53,1
304,2
122.83,1
271,1
156,1
268,2
219,1
200,2
142,1
23,2
39,1
93,2
309.2,2
319.13,1
3761.6,2
239,1
556.35,1
161,1
202,2
1165,2
554,2
228,2
498.3,3
195,2
163,1
794.31,1
353.55,2
244.92,1
398,3
412.43,1
342,3
128.08,1
241.77,1
602,1
1321,2
144.66,1
50,2
235.26,2
519,1
2853.87,2
234,1
61,2
26,1
263,1
70,1
1629.53,2
7183,1
275.95,1
18,2
213.02,1
274.55,3
720,1
1200,1
196,2
185.2,1
102.21,1
310,2
82.66,1
1005,1
95.2,1
161,1
313.42,1
254,2
221,1
71,1
647,1
378,1
40,1
214,2
2836,1
167.74,1
316,2
407.05,3
183,1
32.28,1
721.49,3
157,1
730,1
245,2
25,1
258,1
5089.07,2
176,2
1624.79,3
598,1
222,1
1140.98,2
139,1
78,1
107,2
210,1
676,1
74.72,1
63.72,1
98,1
26,1
75,1
3152.71,1
160.17,1
304.09,1
123.07,1
1557,1
306,1
329.73,1
196.53,1
1758.6,2
2426,3
462,1
2847.05,2
1324.56,1
1035.33,2
274,1
406,1
117,1
427,1
198,2
137,1
60,1
277,2
258.87,1
227,2
66,3
54.15,1
117,1
15,1
191.98,1
137,2
35,2
42,1
182.93,1
139,1
458,1
1559.45,1
518,2
2786.3,1
262,2
341,1
238.28,2
71.53,2
227.97,1
284,2
428,2
462.82,1
280.22,2
130,2
724,1
436.07,1
19,1
40.73,1
323.45,2
189,1
108.67,2
45.05,1
63,1
177,1
234,2
360,2
138.25,3
937.11,1
248,1
2805,1
91,1
273,1
125,1
289,1
6,1
8,1
4896,1
21,1
309.89,2
893.32,1
956.8,1
313.38,1
654,1
16,1
121,1
77,1
1479.71,3
115,2
71,1
241.13,1
60.33,1
217,1
205,1
214,1
296,2
200,1
133,1
2733.08,1
2246.21,1
449,1
156.22,3
1759,3
258.76,1
5,1
69,1
49.27,1
1500.1,3
1748,1
388.14,2
51,1
205.96,2
170.53,1
33,1
79,1
245,1
589.14,1
2281,1
140,1
235,2
15.14,2
250,1
2243,1
307.11,1
259.33,1
75,2
253,3
332,1
220,1
254.35,2
730.04,2
259,1
100,2
257.51,1
294.71,1
250.6,2
163.05,1
901,1
76,3
205,2
69,2
186,1
233,2
286,1
458,1
166,1
437.88,2
2081.8,2
18,1
532.6,2
23.22,1
139,1
254,2
241,1
232.66,2
46.49,1
232,1
262,2
362,1
132,1
10,1
529.04,1
60.84,1
420,2
405.1,1
3885,1
3047,3
381,1
193.19,1
81.18,1
370.17,1
371.1,1
58,2
24,1
1295.13,3
318,1
6.22,1
251.05,1
264.89,1
2683.33,2
1331,1
60.6,1
1933.2,1
978,1
31,1
264.29,2
1065,1
151.02,1
30.42,1
141,1
244,1
2218.43,1
28,1
381,1
107,1
191.1,1
133,1
149,2
92,1
155,3
87.68,1
611,1
179,1
131,1
428.97,1
1512.59,1
364.09,1
3521.31,1
445.73,1
278,2
45,2
835.13,1
47,1
359.91,1
347,2
533,1
45.46,1
13.53,1
314,1
127,1
9,1
75,1
60,1
195,1
1021,1
115,1
176,1
1039.73,1
2268,3
7,1
1001,3
137,1
315,1
814.46,1
16,1
107,1
167,2
100,1
636.83,2
73,2
817,2
145,1
225,1
142,1
46.86,1
2694.07,1
204,2
278.36,1
475,1
295,2
808.19,3
360,2
606.74,1
660.05,3
465,2
86,1
1572.41,1
1572.41,1
107,1
37,1
178,1
377,1
348,1
269.86,1
104,2
109.46,1
799,1
410,1
365,1
323.55,1
140.2,2
979.73,2
103.75,1
293,1
152,1
30,1
524,1
1322.47,2
144,1
145.08,1
252,1
19,1
111.78,2
125.95,2
30,1
117,2
2700.48,1
2582,2
335,3
191,2
910,1
294.2,2
219,2
269,1
3734.33,1
73.65,1
266,1
80,1
41,2
306,2
957,2
209.12,2
302.09,1
301,1
231,1
192.03,1
255.05,1
188,2
7320.37,2
60,1
261,1
600.07,1
544.6,2
125.76,2
143.31,1
4259,3
229,2
232,2
52.43,1
259,1
106,1
96.83,1
45,1
18,1
217.2,3
384,1
164,1
102,1
8,1
339.62,2
58,1
59.91,1
52.24,1
181.35,3
8,1
77,1
63.02,2
237,1
474.66,1
154.51,1
218,2
197.56,2
2866.41,3
204.99,1
267,2
183,1
37,2
16,1
68.87,1
1329,2
222.77,2
216.97,2
655,1
217,1
656,1
95.02,1
3600.16,1
499,1
7,1
434.26,1
37,1
84.57,1
397,1
76,1
290,1
784.83,2
150,1
1045,1
1402.39,3
950,2
191.56,1
218.41,1
180.4,1
1100.53,1
364.6,2
167,2
881.62,2
945.7,2
255,1
448.61,2
239,2
405.98,1
252,3
7375,2
120,2
475.41,1
126,1
24,2
146,1
307.85,2
3,1
316,1
417.33,1
118,1
46,1
239,2
210,2
88,2
207,1
303.72,1
486,1
196.81,3
342,1
11.52,1
222,2
764.96,1
13,1
1630.51,1
116,2
239,2
356,1
48,1
2292.78,1
162.31,1
204.89,1
860.95,1
105.74,2
179.87,2
233.73,1
49,1
183,1
165,2
286.07,1
923,3
446,1
228,3
148.75,1
215,1
48,1
945,1
207.59,2
41,1
8.68,1
816.09,1
105,1
134,1
196.16,2
114,1
35,1
672,2
20,1
531,1
149.49,1
339,1
342,1
647.56,1
283,1
112,2
432.54,2
78.16,1
70,1
1613,1
329,2
37,1
511.21,2
268.24,1
515.25,3
79,2
579,1
129,1
165,1
467,2
20.06,2
279,2
38,1
734,1
24,1
25,1
770,1
48,1
233.78,1
30.14,1
779,3
138,1
793.47,1
148.14,2
140.53,1
157,3
288.2,2
291.32,1
356,1
135,2
190.87,1
1800.01,2
79,1
65,2
843,2
488.92,1
237,1
210,1
580.22,1
543.07,2
3497.53,2
255,2
227,1
67,1
998,3
48,1
90,1
70,2
650.34,3
116,1
138,1
99,1
128.27,1
105,1
245,1
73,2
23.03,1
9,1
18,1
154,1
666,1
280.4,1
244.97,3
137,2
3201.4,2
848.92,1
1426,3
365.2,1
948.3,2
1580.44,2
477.73,1
1047.31,1
1139.91,3
1054,1
60,1
1030,1
168,1
121,1
2773.11,3
4609,1
282.22,1
221,2
251,1
137.74,2
256,2
26.05,1
42.07,1
193,2
1898,1
1189,1
414,1
1418,3
17,1
71,1
383.04,1
57,1
574,2
328,2
310.64,1
100,1
328,1
133.79,1
783.73,1
308.78,1
51.04,1
1697.8,1
60.51,1
318,1
348.44,2
81,1
843,1
1258.61,3
116,2
1913.37,2
262,1
452,1
207,2
52,1
16.93,1
175.26,2
37,1
336,1
234.34,2
65,2
708,1
654.9,2
527,2
132,1
234,1
36,1
2848.81,3
288.58,1
382,1
1082.75,1
565,1
306.18,1
282,2
143.41,1
551,1
3879.17,2
587,2
2416,1
411.32,2
110,1
237,1
175,1
39,1
473,2
684,1
110,1
407,1
841,2
174.06,1
246,1
109,2
29,1
723,2
1773.33,1
694,1
167.88,1
277,2
615,1
275,1
14,1
262.15,2
339,1
299.44,2
145,2
1357.76,1
358,1
361,1
849.07,1
407.74,1
238,1
133,2
243,2
222,1
327,2
492.03,1
188,1
919,1
250,1
317.28,1
224,2
393,1
2893,1
141,2
319.83,2
671.87,2
86,1
199,2
174.94,1
216,1
18,1
15,1
89,2
474,1
1338,2
2906.53,1
74.4,1
258.21,1
224,1
11,1
20,2
408.53,2
206,1
136,1
295,1
36,1
209,1
162,2
285.7,1
379,2
263,1
392.6,1
147.03,1
99.15,1
408,1
162,2
283,1
245.2,2
510.61,2
312.08,2
469,1
59,1
218,2
830.11,1
53.82,2
268,1
68.93,1
583.01,1
259.88,2
2806.55,1
214,1
470,1
324,1
27.91,2
3928.31,1
238,1
1238.46,1
1107.87,1
235.03,2
758,1
91,1
2002.54,1
1043.32,3
61,1
101,1
957.59,3
212,1
219,1
34,1
46,1
1041,1
1371.18,1
504,1
75.05,1
674.68,1
1752,1
273,1
3359,3
1636.54,1
209,2
1258,2
47,1
44,1
70.08,3
144,1
241,1
310.08,1
3712.33,1
23,1
428,1
6,1
1304.73,3
94.32,1
203.96,1
124,1
764,1
50,1
313,1
313,2
31,1
43,1
696.46,1
732,1
199,2
202,1
253,1
12,1
316,1
695.44,2
99,1
247.15,1
1520,1
903,1
526,2
259,1
134,2
116,1
1730,1
350,2
43,1
405.7,1
20,1
648,2
425.48,1
308.45,1
297,2
1012.58,1
1754,1
36,1
173.67,1
2861.44,1
5754.46,1
2809,1
221.38,2
722.47,1
1757,1
958.84,2
216.32,1
21,1
1317.87,1
1845,1
369,1
653,1
248,2
3494,1
809,1
147,1
456,1
215.62,1
40,1
313,1
642.93,2
17,1
26,1
1854.76,3
694.09,2
2250,3
679.83,1
80,2
35,1
346,2
725.67,1
239,2
159,1
3205.05,2
47,2
102,1
204,1
414,2
189,1
1668.27,1
101,1
220,1
20,1
374.86,1
15,1
33,1
89.4,1
330,1
79.09,1
40.91,1
224.21,2
206,1
62.65,1
263,1
89,2
98,1
2438.7,2
1142,1
15,1
163,1
470,1
338,1
259.37,2
190.78,1
260,2
20,1
155,1
78.44,1
14,1
180,1
1230.2,2
181,1
299,1
1461,3
141,2
259,1
101,2
244,3
677.67,3
201.55,2
88.1,1
2229,3
234,2
376,1
181,2
331.95,1
27.96,3
176,2
17,1
634,1
817,2
252,1
185.02,3
37,1
559,1
1155,1
87,1
508,1
244.13,2
794,3
1710,2
18,1
208,1
1786.03,1
1222,1
1544.13,1
3,1
540,2
1068,1
457,2
1174,1
672,1
32,1
843.77,2
6227.5,2
143,1
266,1
254.96,1
197.42,1
158,2
613,3
379,1
117,1
180,1
1528.43,2
224,2
322,1
55,1
235,1
214,2
232,2
5656.85,3
4,2
508,1
10,1
283,1
220.4,1
690.38,2
454.23,2
776.75,1
492.2,1
219,2
18,1
19.78,1
136,3
53,1
853,1
314,1
258,1
144,1
382.57,1
212,1
8.08,1
240,1
199.37,1
31,1
596.2,1
271,2
933,1
266,2
1503.07,2
309.06,3
274,1
123,1
357,1
427.67,1
147,1
10,1
600,1
195.37,1
264.89,1
60,3
155,1
438,1
1035,2
70,1
160,1
275,1
75.65,1
192,1
29,1
81,1
1035,1
134,1
2447.71,2
127.06,1
276,2
101,2
35,1
2083,2
101,1
194.54,1
376,1
754.51,1
619.79,1
490,1
53.59,1
131,2
26,1
602.93,1
539,1
898.8,2
317,1
514.41,1
78.53,2
176,2
255,2
269,3
221,2
230,1
281,2
199,1
87.27,1
21,1
692.7,1
702.82,2
1324.05,2
8,1
59,1
281,1
176,1
280,2
227,1
29,1
428.87,1
15,1
154,2
475,1
1317,1
8,2
1422,1
4801,2
138,2
625.73,1
19,1
164,2
155.16,2
201,2
234.01,1
926,2
62,1
184.6,1
211,1
230,1
1961.67,1
299.86,2
1246.31,2
54,1
756.37,1
12,1
242,1
47,2
18,1
210,1
48,1
376,1
1174.14,2
57,1
83,1
176,1
367.99,1
528.49,2
192.26,1
78,1
392,1
103,1
142,1
259,2
977,1
740.95,1
76.95,2
399,1
281.15,1
3061.88,1
71,1
687.93,2
308.47,1
313,2
6,1
287,1
9719.69,2
20.81,1
209,2
15,1
215,1
132,1
115,1
1274.17,1
5828.81,3
145,1
74,1
14,1
549.27,2
239,1
752.7,2
227,1
88,2
460,3
17,2
103,1
449,1
508.75,3
694,2
17,1
780,3
5818.87,1
1609.73,1
225,1
410,1
2503.48,2
25.08,1
349.14,2
105,1
433,2
507,1
5558.49,1
9.1,1
923,1
1898.6,2
1311.07,1
989.36,1
216.36,2
3,1
2979.6,2
390,2
247,1
392.84,1
511.86,1
6228.01,2
678,1
9,1
245,1
328,2
145.96,1
492.31,1
783.81,2
3492.98,1
615,1
9,1
248.64,2
31,1
242.79,1
363,2
30,2
277,2
644,2
797,1
37,1
430.64,2
719.82,1
71,1
176,2
928.57,2
211,2
40,1
719,3
303,3
238,1
97,1
33,1
1317,2
300,1
1487,1
268,2
972,2
152.2,2
1025,2
134,1
426,1
148,1
90.14,2
629.12,1
169,1
184,1
205,2
203.13,2
114.67,1
8,1
603,1
30.87,2
555,2
318,1
475.41,1
368,1
260,2
3492,1
518.59,1
1284,2
192,1
2700.81,2
298,2
147,1
421,1
112,1
86,1
117,2
1944.21,2
194,1
33,1
95,2
32,1
396.27,3
733,1
110,1
150.8,1
486.8,1
130,1
139,1
153.67,1
383.73,2
600,1
191,1
589.83,1
23,2
157,1
198,1
9,1
53.36,1
246.22,1
3105.53,1
14,1
9.33,1
915,2
63.95,2
247,2
1170.33,1
357.59,2
1906.27,1
219,2
171.33,1
49,1
567,1
20,1
790,1
174,1
17,1
208,1
16,2
785,2
6,1
232,1
68,2
151,1
283.14,1
22.94,1
331.72,2
30,1
700.69,1
10,1
75.6,2
350,2
198,1
143,1
256.3,1
349.27,2
255,2
231.83,1
461,1
1920.48,3
221,2
293,2
197,1
152.09,1
873.67,3
60,1
293,1
369.38,2
15,1
130.73,2
161.61,1
307,1
322,2
17,1
261,2
1932.55,3
340,2
105,1
60,1
1881.79,2
211,2
37,1
275,1
334,2
229,1
620,1
80.34,1
24.29,1
103.87,1
193,2
127.76,2
644,1
145.87,2
426,1
233.17,2
3805,2
944.96,2
595,1
584.6,2
3056.35,2
186.92,2
94,2
95.11,2
2784,1
592,1
1496.62,1
38,1
241.67,3
65,1
15,1
212,2
51,1
31,1
221,1
105,1
226,1
364.46,1
134,1
189,1
123,1
74,1
228,2
4419,1
388.01,2
31.3,1
493,1
4152.94,1
374,1
10,1
29,1
275.53,1
303,1
49,1
186,1
10,1
2049,2
44,1
967,1
1473.77,2
410,1
21,1
93.2,1
179,1
29,1
109,2
35.9,2
52,1
2003,2
280,2
248,2
1377,3
3691,1
173,1
17,1
40,1
71,2
134,2
311,2
39,1
288,2
7537,1
29.12,2
162.47,2
679.93,1
324,1
363.67,2
62,1
318,2
72,1
1076,3
534,2
244,1
1724.31,1
238,1
8,1
376,1
49,1
160,1
20149.73,2
178,1
356,1
188,1
204.01,2
4817.82,1
112.48,1
71.15,1
497.09,1
300,2
539.49,1
267.91,1
276,1
2278.76,3
44,1
1064,1
11,1
1001,2
391,2
680,1
16,1
361,2
1694.59,2
389.63,1
11,1
221,1
21.47,1
41,2
825,1
61,1
513,1
435.93,1
111,1
72.73,2
87,2
538,2
581,2
45,1
334,1
123.2,1
206,3
55,1
4,1
895,3
207.26,2
808,1
12782.35,2
51,1
17,1
194,1
187.52,3
2521.55,3
255.53,2
1717,2
298.52,1
97,1
96,1
82,1
108,1
7100.07,3
610,1
82,1
51,1
447.73,1
115.5,2
85,1
247,1
256,2
385,1
269,2
182.46,1
238,1
180,1
41,1
54,1
54.94,2
298.42,1
331,1
270.07,2
2207.34,3
215,1
560,1
334,1
238,2
310,1
1047.59,2
1990.74,3
73.84,2
525,1
17.41,1
240,1
2655.25,1
433,2
721.68,1
323.59,1
192,1
300,1
47,1
368,2
198,1
30,1
206,1
600,1
50,1
41,1
571,1
1517,1
307,2
199,1
261,3
203.22,2
238,3
11,2
63.9,1
1695.94,2
146.43,1
799,1
159,1
222,2
234,2
48,1
1228.53,3
566.93,2
1371,2
3441.15,3
229.55,2
35,1
150.7,2
3342,1
256,2
59,1
381,2
870,1
391.26,1
496.07,1
258,1
381,1
60,1
8311.91,3
11.94,1
1388,2
87,2
805.36,1
2014.19,1
313,1
141,1
612,1
1403,2
575.67,2
5147.93,1
654.43,1
1329,1
381.04,1
173,1
4941.48,2
487.8,1
313.14,2
126,1
1437,3
159,2
119,1
288.3,1
466.44,2
169,1
59.91,2
824,2
301.6,1
201,1
247,2
315.47,2
183,1
557.98,2
2916.89,2
258,1
146,1
196,1
17,1
160,1
17,1
152,2
54,1
100,1
222.45,1
299,1
528,1
1530,2
391.6,3
132,1
289.6,1
1,1
309,1
252,3
1971.84,3
811,1
227.97,2
273,1
10,1
354.06,1
2366.81,1
257,1
280,1
108.73,3
297.03,2
550,1
185,1
1898.6,2
4,1
66,1
314.72,1
106,1
10131,2
2635.7,3
370,1
1395,2
822.36,2
487.43,1
299.03,1
3052,1
207,1
183,3
133,1
140,1
129,1
211.35,2
10,1
97,1
1210,2
146,2
254,1
9,1
310.03,1
232,1
198.25,1
69,1
174.15,2
507,3
5421.87,1
1748,1
84,1
712,1
28,1
99,1
27,1
182.09,2
11,1
235.54,1
427,2
228,1
5857.19,1
347.93,1
841.87,1
63,1
1214.78,3
543,2
60,1
4970.93,1
142,1
1261.87,2
339.01,1
70,3
52,1
480,2
199,2
222.96,1
1613,1
88,1
282,1
242.09,1
119.12,2
147,1
9.1,1
1743.12,1
76.4,1
38.92,1
6638.12,1
198,1
1373.93,2
1257,1
329,1
223,1
7.29,1
846.93,1
9,1
417,2
486,2
544.28,1
661,1
101,1
340,1
308,1
33,1
196.77,3
278,3
2735,1
4794.5,2
126,1
88.24,1
84.47,1
940.08,2
623,1
340.68,3
210.93,1
15,1
680,1
35,1
123,2
1576,2
196.39,1
29.02,1
47,1
217,2
2031,3
1309.51,2
853.94,2
859,1
12,2
537.17,1
276,2
32,2
15,1
1807,2
61,1
240,2
21,1
273,1
604,3
60,1
137.13,1
86,1
92,1
81,1
600,1
1311.09,1
150,1
49,1
99,1
30,2
743,1
5421,1
83,1
154.46,2
467,3
828,1
533,2
63,1
195,1
3601.69,1
20,1
34.73,1
1136.06,1
214.97,2
381.92,2
277,1
594,1
246.92,1
289.27,1
423.72,1
220.82,1
245,1
12,1
3846,1
1118,1
248,2
288,1
226,1
17,1
152,1
272.74,2
231,3
356,1
84,2
60,2
1944,2
437,2
415,1
85,1
610,1
45,1
5026,1
447,1
359.96,2
10,2
863,1
236,2
385.08,1
653.04,1
362,1
80,1
426,1
301,2
436,2
10,2
173,2
97,1
313,2
78,1
110,1
54,1
297.31,2
258,2
363.07,2
216.41,2
15,2
303,1
70,1
173,1
127,2
119,1
167.18,1
102,1
279,1
405.33,1
1200.93,1
1332.18,1
1684.84,1
174,1
57,1
822,1
849.9,1
35,2
3213.73,1
356.29,1
88,1
609.9,1
296.1,2
284.72,1
242,2
245,2
176,1
356,1
163,2
81,1
37,1
95,1
1295,1
73,1
342,1
169,1
1132,1
182.37,1
152,1
141,1
446,1
126,1
515.72,1
726,1
272,2
285,2
317,2
111,2
913,1
114,2
299,1
198,1
329,1
5996,2
881.62,1
595,1
1239.16,3
281.66,2
15,1
282,2
61,1
33,1
409,1
2782.03,1
8056,1
623.73,3
316,1
428,1
1798,2
394,1
399,1
61,1
407,2
315.51,1
224,1
131.07,1
11.24,1
110,3
40,1
771.92,1
831,3
47,1
1128,1
2691.8,2
82,1
254,1
142,1
1210,2
194,1
985,3
94,1
863,1
247.15,2
105,1
274,1
284,1
1068,2
59.63,1
239,2
261,1
316,1
3.67,1
161,1
36,1
53,1
313,1
397,2
2007,1
55.03,1
148,1
1635.1,1
621,1
1095.8,2
482,2
2623,1
59.13,1
228,1
1559,3
249.8,2
32.6,1
233,1
66,1
21,1
331,1
338.41,1
188,1
430.08,2
377,1
273,2
23,1
84,2
1,1
154,1
54.13,1
82.15,1
143,1
375.7,3
2832,1
130,2
234,2
251,2
270,1
381,1
251,1
225.37,3
293.36,1
68,1
182.93,2
1494,1
25,1
18,2
341.1,2
37,1
282,2
286.58,1
536,1
431.06,1
83,1
115,1
111.04,1
105,2
88.1,2
352,1
302,3
44,1
948,1
74,1
142.99,1
134,1
104,1
2130,1
9,1
383.73,1
127.43,1
9,1
1895.4,2
302,2
76,1
347.32,1
65,1
229.55,1
1455.57,1
29,1
771.32,2
998,3
644.45,1
2893.3,1
77.07,1
640,3
241,1
242,1
187.48,2
396,1
327,2
260.9,1
88,1
5798,1
81.32,1
892,1
495.61,1
226,1
89.91,1
10,1
213.72,1
1218,1
102.31,2
129.85,1
378,1
2431.07,1
227.14,3
164,2
945,2
772,2
22.01,1
31,1
203.59,1
36.83,1
68,1
198,1
98,1
540,1
24,1
15,1
231,1
349.07,1
285,1
631,2
25,1
954,1
311,2
222,1
107,1
138,1
56.27,2
327,1
604,1
185.85,2
723,1
313.61,3
4983.13,3
189,1
244,1
44,1
527.51,1
255,1
7,1
242,1
102,1
125,1
61,1
312.63,2
194.95,1
294.94,3
433,1
43,1
83,1
65,1
106,2
48,3
806.61,1
177.59,2
1131.67,1
221.24,1
65,1
6505.47,1
384.48,1
207,2
25.77,1
178,1
95,1
9757.87,2
237,2
250,1
603.81,2
410.81,1
74,1
84,1
174,3
251,1
69.07,1
292.29,3
91,1
118,1
629.49,2
37,1
61,1
311.66,1
51,1
202.8,2
181,2
1248,2
1457.28,1
272,1
36.22,1
110,1
1870.27,1
1848,2
166.63,1
346,1
32,1
209,1
318.62,2
3267,1
61,1
7800.6,2
140,1
1231,1
432.91,1
1330.27,3
13926.54,2
27,1
299,2
31,1
367,2
566.38,1
177,1
87,1
510.61,2
216.6,2
424.51,2
793,1
81,1
582.5,3
57,1
129.99,2
2489.09,1
544,2
111,1
125,1
555.4,1
21,1
209,1
293,2
2070.2,3
107.32,1
1144.7,1
2264,3
245,2
4743.34,2
1275.24,1
218,1
2094.76,3
56,1
783.95,1
189,2
186,1
57,1
553,1
1964.47,1
528,1
486,1
269.96,1
158,1
127,1
189,1
244,2
1721,1
130,1
418.8,2
120,1
460.59,1
337,2
49.32,1
404,3
44,2
153,1
934,2
383.78,1
131,2
151,2
264,1
6,1
4820.7,1
44.77,2
91,2
234,2
112.15,2
174,1
51,1
342,2
483,3
0.53,1
165,1
67,1
4113.04,3
721,2
223.65,1
314.17,2
82,1
156,1
105,1
528.9,1
576,1
463,1
25.63,1
163.1,1
220,2
374,1
245,1
29,1
281,1
63.07,2
47,2
46,1
15,1
881.75,1
364,1
54,1
1364,1
259,1
460,2
23,1
790,1
15,2
514,2
905,1
151,2
168,1
292,1
272,1
456,1
352,3
1500.38,3
381,1
79,1
159,1
165,1
31,1
127,1
43,1
517,1
3,1
81,1
6.59,1
53,1
38,2
145,1
1638,2
510,2
1000,1
732,1
260,3
173,1
30,1
64,1
759.01,1
210,2
1442,3
2195.6,1
132,1
177.96,1
30.05,1
5933,1
1010,1
2939,2
472,1
1136,1
389,1
236.01,3
220,2
195,1
215,1
91,2
2678.14,1
686,2
133,1
1820.86,1
24.61,2
93.02,1
60,1
70,1
21,1
259,1
157,1
60,2
88,1
802,1
270,1
808,1
64,1
1572.73,1
153,1
1022,1
125.53,2
143,1
97.38,1
195,1
37,1
259.83,2
835.87,1
828,2
1063,1
82,1
6,1
829.65,2
135.98,1
106,2
588.95,1
282.73,1
1516,2
159,1
333,3
188,1
195.14,3
9823.53,1
549.29,1
555.1,1
319,1
145.96,1
2005,1
9,2
166.07,1
116.8,1
24,1
159.66,2
632,1
215,2
39.53,1
748,3
348,2
6,1
205.87,1
2558.7,1
157,1
21,1
225.28,2
36,1
60,2
207,1
34.83,1
474,1
282.96,2
230.85,1
2937.65,1
298.79,2
981,2
171,2
285.19,2
45.09,1
181,1
39.4,1
254,2
179,1
320,1
468.44,1
340,2
232.15,1
352,1
162,2
67,1
234.43,1
174,1
6,1
186,2
90,1
305,1
180,1
241,2
98.68,1
334,1
230.39,1
135,2
66,1
115,2
90,1
52,1
7,1
69,1
73,1
2088,2
52,1
147.86,1
692.98,1
296,1
556,1
998.93,1
330,1
84,3
232,2
257.09,1
1354.73,1
1641,1
240,2
40,1
190,1
51,1
333,1
39.06,1
786.04,1
808.43,1
171,3
4,2
1739.41,1
20,1
196.13,1
81.41,1
99,2
137.28,2
281,1
85,1
1485.75,1
503.53,1
5065.43,2
35.16,1
1181,1
409,2
919,1
138,2
309.67,3
5,1
273,1
10,1
306,2
26,1
1023.26,1
558,1
9885.85,2
179,1
242,2
63,1
250,2
103.84,1
445,1
351,1
24,1
116,2
223.2,2
116,1
516,1
90,1
450.75,1
550.27,2
131,1
156,1
1487,2
49,1
105.93,2
2382,2
239.03,2
423.3,1
154,1
1013.97,3
674,1
164,1
211,2
324,2
364.92,1
91,1
206.84,2
1532.47,3
1745,1
309,1
144.34,2
166.58,2
0.4,1
11,1
158,1
250,2
106,1
638.41,2
197,2
1427.14,3
191,1
3870.35,1
150.47,2
327,1
2107,3
132.96,1
439.37,2
411.46,1
334.88,3
755.07,1
147.4,1
216,1
97.71,3
81.97,1
465,1
7,1
286.73,1
338.18,1
2164.75,1
107,2
55.91,1
18.99,2
2195.17,2
60,1
761.85,1
346,2
189,1
72,1
289,2
3373.86,2
25,1
480,2
3519,1
769.04,2
89.58,2
1737.08,1
1182.08,1
484,1
19,1
1343.14,1
1010,1
5,1
31,1
30,1
59.95,1
208,1
248,1
387.31,2
89.07,1
78.81,1
231,1
305,3
300,1
24,1
71,1
216.27,3
1875,1
1337.84,1
311.84,3
477,1
204,1
28,1
2536.04,2
30.07,1
826.07,1
524,1
244.13,2
568.89,1
35,1
149,1
222,1
19,1
370,2
187,1
126.18,1
375,1
1203.49,2
37,1
1507.86,3
279,1
1596.88,2
776,1
95.11,1
300,1
536.38,1
760.17,2
65,2
7147,1
170,1
290,2
540,2
1510,2
71,1
83,3
275,2
283.47,2
7,1
121,1
277.4,1
1592,1
198.3,3
361,1
185.25,2
74,1
32,1
156,2
458,1
47,1
235,1
274,1
92,1
72,1
238,1
365,1
211,1
364,1
282.26,1
323.78,1
286,1
295,2
93,1
126,1
160,1
290,3
1707,1
168.3,1
63,1
740.35,1
214,1
282.27,1
1452.45,2
104,1
160,1
199,1
392,1
1146.04,3
109.88,1
41,1
216.6,2
140,1
219,2
4675,1
215,2
165,1
1001,1
1105.27,2
1853.65,1
600.19,1
69,2
302,1
198,1
252.96,2
396,1
35.02,1
5911.29,3
239,1
229.92,1
203,1
178,2
326,1
1404.06,3
122,1
34.13,2
1228,2
93,1
308,2
67,1
43.37,2
497.87,1
3277,1
247.39,2
82,1
104,1
251,1
151,1
60,2
629.6,1
628.29,2
267,2
494,1
31,2
125,1
120,1
125,2
1790.03,3
170,1
66,1
89,2
262,1
328.28,1
1832.47,1
800.44,1
197,1
1917.23,1
213,1
73.14,1
302,2
234.89,2
88,1
534,1
30,3
212,1
102.73,2
14,1
505.5,2
257.56,1
170,2
182,1
2572.68,2
52,1
63,1
1243,1
158,1
186,2
45,1
1101,3
422,3
32,1
2847.97,3
130,1
529,1
548,1
86,1
1532,1
1095.75,1
12.86,1
151.35,1
23,1
207,1
355,3
4,1
317,1
84,1
217,2
117.4,1
66.97,1
291,1
66.36,1
328,1
189.61,1
178,1
37.2,1
700,1
20,1
197,2
144,3
508.56,1
516,1
632,1
1048.33,1
5488,1
241,2
1267.95,2
91,2
130,2
40,1
152,1
94,1
65.9,1
238,2
23,1
170,2
1461.97,3
288,3
92,1
442,3
120.2,2
540.47,2
204.34,2
130,1
14507.41,1
234,2
361,1
495.84,3
246,2
316.07,2
1229.73,3
147.35,1
2841,2
299,2
280,1
50,1
61,1
283,1
33,2
257,3
1337,1
1829,3
257,2
75,1
347,1
842,3
253.47,2
3692.8,2
450,1
92,1
56,1
276,2
393,2
222.35,1
2079.39,1
595,1
5.15,1
97,1
1124,3
62,1
701,1
54,1
538,2
224,1
148,1
25,1
15,1
256.26,2
233,2
5,1
380,1
873,1
1097.24,1
836,1
201,1
626,1
198,1
28.8,1
7727.37,3
3173.33,1
253,2
393,1
589,1
228,1
31.25,2
38,1
290,2
109.18,1
95.85,1
26,1
693,1
2317,1
271.3,1
333,1
2638.53,1
422.51,1
266.61,1
960,2
1353.54,1
401,2
2804.83,1
94,1
7,1
29,1
71.33,1
665,1
131.94,1
14,1
172.71,1
485.3,1
179,1
30,1
1058.69,1
315,1
820,1
1743,1
209,1
23,1
774.57,1
221,1
81.97,1
2790.25,1
1141.54,3
185.53,1
296,1
599,1
7.66,1
513,1
878,3
141,2
21,3
853.33,1
301.67,2
25,1
62.74,2
120,1
1208,2
228,1
235,1
184,1
244,3
1008,1
655.41,2
251.2,1
248,2
22,3
223,1
872,1
193,2
540,1
190,1
61,1
68,1
51,1
237,3
48,2
144,1
231,1
1034.59,2
292,1
132,2
1314,1
228,1
19.93,1
22,1
741.92,2
5030.84,1
266,1
70.87,2
2035.23,1
323.87,3
161,1
261.27,1
27,1
215,1
12,1
238,1
288.76,1
19,1
168,1
35,2
1160,2
198,1
115,1
2813,1
591,1
53,1
2083.81,3
1695,1
121,1
16,1
125,1
254,1
13,1
524,2
554,2
59,1
173.82,2
643,1
1457,1
228.25,1
275,1
229,1
197,1
716.99,2
393,1
230,1
480,1
164,1
1449.02,1
5438,2
108.44,1
1631,3
144.66,1
375,2
61,1
212,1
58.98,1
30,2
117,1
680,1
581.98,2
600,1
1802.98,3
287,1
1241,1
346,1
27.91,1
232,2
210,1
206,2
285.33,1
860,1
41.1,1
282,1
265.87,2
498,1
228,2
449.91,1
147,1
382,3
1270.22,3
271,1
111,1
44,1
80,2
30,2
250,2
271.53,2
280.08,2
208,1
2053,1
291,2
259,2
590.2,1
220,1
116,3
441,2
739,2
59,1
206,3
241,1
243.9,2
144.8,1
2574.16,1
529,2
8.33,2
83,1
173.87,1
246,1
226,1
1558.71,1
66,1
2415,1
494,1
68,1
74,1
1145.53,1
172,1
8468.41,2
261.55,1
271.07,1
8091.27,1
2683.44,1
1980,3
279,1
14,1
381,1
220,1
2349.4,1
39,1
73,1
61,1
12627.75,3
1235.07,2
332.42,1
54,2
50.29,1
204,1
140.48,2
600,1
210,1
359.63,1
1124.8,2
82,1
217.62,1
214,1
488,1
923.13,2
529.32,2
324.43,1
457,1
360,1
1025.21,2
1854.73,3
132,1
113.45,1
1180.2,1
231,1
46.49,1
9.06,1
37.66,1
390,1
132.31,1
3331.23,1
27,2
130,2
212,1
592,1
125,1
28,1
1768.01,1
13.98,1
15,1
224.35,1
60.46,2
266,1
254.3,1
134.44,2
127.15,1
7079,1
3321.66,2
248,1
6570,2
288.33,3
59,1
512,1
258,1
12,1
14,2
180.84,1
2299,1
230.48,2
119,1
684.2,1
236.7,2
515.25,2
91.86,2
473,1
1811,1
264,1
4331.36,1
215.02,2
112.52,2
260.25,2
201,1
1462,3
254,2
272,1
559,1
804.06,1
7352.97,2
117,1
5852.87,1
144,1
341,1
48,1
89.35,1
174,1
217,2
9.1,1
249,1
174,2
1262,1
191,1
275,2
65,1
193,1
46.49,1
84.71,1
115,1
973.52,2
68,1
75.88,1
159,1
141,2
1040.81,1
116.53,2
187,1
624.2,2
267,2
11,2
121,1
189,1
29,1
101.29,1
660,1
418,1
1240.78,1
179.77,1
212,1
1637.01,1
114,1
435,1
62,1
105.33,2
250,1
345,1
46.07,1
92.65,1
176.7,1
121.07,2
686.75,2
79,1
147,1
141,1
1638.31,3
510.93,1
239.07,1
24,1
45.09,1
183.2,1
101,1
534.8,1
37,1
434.47,1
505,1
333,2
2221,1
275,2
285.37,1
1459.88,2
525,3
1997.89,3
340,1
91.39,3
226,1
186,1
596,2
54,2
400.13,1
92,2
107.23,1
463.61,2
412.47,1
2070,2
307,1
218,1
716.15,3
190,1
13,1
63,1
527,1
216,2
392,1
160.77,1
15,1
186,1
17,1
12,1
181,1
1404.53,1
269.12,1
15,1
390.05,1
57.96,1
269,1
77.37,2
219.07,2
14,1
238.75,1
302,2
60,1
43,1
1445.91,1
192.82,1
139.2,1
645.75,1
498,1
1139.96,1
2270.91,1
387,2
1504.33,2
572.51,1
233.36,2
2301.05,3
207.27,1
279,1
215,1
120.87,1
36,1
3295,2
17,1
63.9,1
1318.4,1
76,2
225,1
315,2
19,1
167.47,1
68,1
1336,2
233.6,3
87.07,1
237,1
1718.79,2
40,1
701.15,1
225.37,1
66.41,1
253,2
66.5,1
408,1
264.89,1
276.83,1
5152.53,1
348,1
1343,2
120,1
43,2
77,2
141,1
123,1
595.08,1
27,2
85,1
205.54,1
2370.25,3
3847,3
1256,3
2488.73,3
255.88,2
118,1
214,2
407,1
218.08,2
41,1
30.07,2
46,1
176.05,1
1486.87,1
264.94,1
108.16,2
209,1
41.8,1
274.32,1
327,3
97,1
794,1
317,1
249,2
906.65,1
276,2
9,1
21,1
461,1
800.9,1
573.72,2
287,2
1370,1
71,2
16,2
154.09,2
180,1
263,2
967.39,2
362,1
3619.25,1
138.07,2
103.87,2
342,1
236.84,1
121.87,1
458.64,2
212.28,1
375.4,2
246,1
12,1
189,2
197.56,2
49,2
742,1
32,1
5256.21,2
281,1
84,1
245,1
208.38,1
144,1
127,1
155,1
202,2
106,1
42,2
1346.2,1
48,1
55,1
174,1
150,2
24,1
689,1
75,1
258,1
574,1
2063.73,2
2031,1
95,1
412,3
85,1
60,1
1197.64,1
1723.15,2
271,1
132.45,1
688.98,3
9,1
114.66,2
271,2
157.52,2
45,1
1605,2
148,1
92,1
63.44,1
240,1
708,1
311,1
346.91,1
786,2
231,2
4.93,1
85,2
65,1
2128,1
215,1
88,2
492,2
1656.98,1
302.93,3
120.05,3
375,1
308.5,2
2037,1
54,1
572.53,2
95,1
300,2
11,1
1213.2,1
2037.92,3
337,1
239.13,1
36.69,1
159,2
118,1
2417.06,3
122,1
264,1
1713,1
201,1
207.8,1
237.77,1
618.02,1
234.15,1
1417,1
37,1
2407.96,1
9,1
372,1
226,1
162.54,3
149.3,1
228,1
17.32,1
145,1
314.35,1
298,1
136,1
2772,1
248,2
230,2
31,2
91,1
600.65,1
941,3
104,1
43,1
93.47,1
213,1
221.38,3
305,3
2045,3
329.26,1
255,2
2223.78,3
236.47,1
35,1
3023,1
181,3
230,1
1513,1
386,1
374,1
5,1
106.07,1
163,1
227.47,1
170.43,1
2053,1
692,1
1254,1
163,1
115,1
590.62,2
1744,2
10,1
140,2
336,2
2774.13,1
1666.68,2
243.48,2
133,1
1611,1
167,1
20.2,2
582,1
112,2
129,1
51,2
249.52,1
739,1
312.73,1
107,1
103,1
320,1
163,1
61,1
127,1
264,2
119,1
615.24,1
65,1
180,1
240,1
1800,1
764,1
505.2,3
251,1
94,1
13,1
285.33,2
1774.52,2
33,1
297,1
292,1
208,2
300.4,2
108.58,1
2179.05,1
42,1
182,1
16,1
362,1
274,1
226.07,1
242,1
64,1
130,1
479,1
3170.17,1
325,1
399.43,2
239,1
105,1
49,1
119,1
261,2
349,2
62,1
67,1
291,2
291,2
191,1
301,2
5270.65,1
65,2
7.62,1
41,1
459,2
211,1
125.9,1
171,1
1603,1
273,1
295.73,1
1446.93,1
329,1
1036,1
239.07,2
215,2
375.93,2
2306.39,3
275.11,2
1458,2
997,3
296,2
176,1
79,2
218,1
1295,2
517,2
125.95,1
80.16,1
103,1
8,1
171,1
85,1
763,1
185,1
1033.27,1
206,2
371,1
333,1
400,2
14,1
33.76,2
206,1
324,1
153,2
51,1
296,2
218.69,2
122.23,2
323.59,1
446.98,1
258.9,1
276.78,1
236.29,1
52.8,1
415.8,1
49,1
5779.68,2
1673.83,1
945.93,3
2397.6,1
981,1
2709,1
2.33,1
10,1
1098,1
116,2
937,3
288.25,1
1256.39,2
122.42,1
234,1
381.09,2
560,1
62,3
15,1
208,2
19.09,1
76.16,1
1462.95,2
580,2
120,1
823.29,3
579.43,3
179,1
506,3
1907.47,3
915,1
320.11,2
1200.47,1
909.25,1
241,2
26,1
207,2
10,1
215,2
731.01,2
689,1
415,1
395.06,1
545,1
394.74,1
69,2
1619,1
96.92,1
87,1
194.03,1
449,2
135,1
1622.7,2
278,2
5.53,2
61,1
5823.7,1
1087.53,1
615,2
239,2
480,1
856.21,1
15,1
1218,2
124,1
162,1
49.88,1
232.11,1
84,1
249.93,1
367,1
1455.38,1
38.5,1
14,1
35,2
41,1
57,1
29,1
62,1
111.41,1
709,1
276,1
412.6,1
2886.57,2
238,2
240,1
249,1
52,1
44,1
252.77,1
502,2
327,1
224.87,1
569,1
640,1
1800,1
61,1
28,2
217,1
332,1
31.9,1
196,2
432,1
135,2
237,2
130,1
112,1
247.39,2
203,2
251,1
451,1
191.94,2
5475.64,3
26,1
199,1
945,2
188,2
226,1
261,2
544.04,1
1999,1
169,1
2574.67,2
14,1
1615.88,1
499,2
41,1
230.2,1
464,2
2967,1
131.8,2
173.55,1
410,1
247.48,2
97,1
229.2,1
57.63,1
114,1
84.61,1
249.34,2
220,1
392,1
960,2
652.71,2
2222,2
313,1
4086.94,2
233,3
1477,3
2481,1
258.25,2
17,1
296.7,1
131.2,1
207,2
130,2
147.68,1
290,1
6,1
139,1
511,1
117,2
1293,1
83,1
251.98,2
496.58,2
99,2
48,2
200,1
240.37,1
2185.69,3
400.07,1
200.95,2
153,1
583.29,2
54,1
600,2
248,2
1159.51,1
30,1
211,1
1269.6,1
311,2
1105.36,1
236,2
68,1
275.07,3
182.14,2
485,1
212,2
286,1
1053.87,1
82,1
295,2
187.62,1
127,1
15,1
25,2
3,1
314.58,1
138,2
249.15,1
27,1
147,1
259.92,2
577,3
17,2
322,2
4222.18,2
203.31,2
349.27,1
1303.93,1
229,1
33.13,1
130.12,1
168,3
87,1
281.52,2
944.33,1
276,1
40.03,1
69.6,1
153.44,2
54,1
69,2
204,2
129,1
347,1
43,1
180,1
196,1
34,1
721,2
149.82,1
172,1
76,2
234,1
152,1
922,3
266,1
2179,1
997,2
4,1
244.83,2
305,1
153,2
31,1
216.87,2
29.93,1
183,1
672,2
272,2
5947.2,1
4223.38,1
556.87,1
178,1
546,1
1341.87,3
385,2
2834,3
18.44,1
145.54,1
179,1
101,3
1151,1
324,1
15.14,1
146,1
104,1
15.79,1
714.99,1
969,1
47,1
158.45,1
247,1
570,1
702,2
89,1
155,1
206,2
256,2
119,1
466.95,1
3305.17,2
1103,2
166.25,3
854.87,2
143,2
92,2
13.56,2
15,1
772.2,1
736,2
73.05,1
2765,1
143,2
384.2,3
189.85,3
196.3,2
147.59,2
42,1
191,1
20,2
76,2
174,1
842.37,1
829,1
109,1
362,1
130,1
6179.11,2
84,2
388.66,2
289,1
429,1
114.47,3
22,1
59,1
326,1
1446,2
268,1
3756.52,2
408.07,1
1572.33,3
6,1
158.69,2
249,2
433,3
1702,3
5010.91,1
701.34,1
685,1
7109,1
62.88,2
366.69,2
206,2
229,2
533.67,1
547,1
63.62,1
370,1
341,1
3074.97,1
284,1
32.79,1
651.97,2
18,1
631.63,1
9,1
259.69,1
1752,1
736.4,2
3215.64,3
114,1
490.87,2
302.97,1
249.15,1
17,1
2519,1
300,1
153.86,1
208,2
410.95,1
245,1
283.56,1
3381.93,3
365,1
192,1
180,1
926.89,3
124,1
63,1
276,1
19.09,2
95,1
245,2
23,1
830.11,2
319.09,2
205.5,1
266,1
673,3
1393,2
625.67,1
218,1
180.19,1
27,2
268,1
355,1
295,1
4895.7,1
898.47,1
330,1
199,2
206,1
172,1
252,1
166.81,3
323,2
61.53,1
363.11,3
199,1
136.77,1
2766.84,1
112,2
751,3
394.88,1
57,1
181.07,1
300.28,3
98,1
3740.87,1
56,2
539,1
1196,1
6,1
157,1
245,1
292.8,3
5511.93,1
470,1
696,2
110,1
190.45,1
118,1
82.06,2
15.33,1
1115,2
1024.33,1
9.1,1
167.09,1
143,1
2828.75,1
231,2
80,1
260,1
857.14,1
87.87,1
19,1
375,1
233,2
206.67,1
209,2
106,1
76.16,3
92.14,1
199,1
1943,1
1479.62,3
9638.7,1
59,1
116.01,1
37,2
169,2
4377.15,2
194.12,3
84.52,1
284,1
339.38,3
792,2
5594,2
340,2
509,2
118,1
72,1
132.45,1
207,1
2199.07,1
333,1
101,1
24,1
177,1
233,2
225.33,1
43,1
16,1
408,1
236,2
221,1
855.93,1
14,1
147.73,2
15,1
171,1
249,1
197,1
147,2
134.2,1
184.69,1
61,1
118,1
423,1
83.82,3
226,2
194.72,1
333,2
267,2
67,1
29,1
427,3
35,1
596,1
201,1
139.09,1
31,1
315.51,1
328,1
366.55,2
344,1
166.49,2
192,2
11.67,1
575.02,1
110,1
72.53,2
1752.78,2
102.4,2
185.39,1
1269.53,3
294,3
258.02,3
158,1
211.21,2
90.14,1
100,1
146,1
134,1
16.63,1
297,2
993,1
21,1
143,1
234.1,1
586.73,3
679,2
635,2
1129.05,1
49,1
1966.5,2
3819.91,1
600,1
9,1
961,2
368,1
2016.47,2
661.3,2
262.57,2
277,1
1823,1
207,1
77,1
1794.6,2
59,1
837,3
555.56,2
420,1
201,1
1182,1
562.67,1
551.33,2
6,1
254.07,2
376,1
232,2
8,1
370,1
533.69,3
33,1
485,1
24,2
1437.5,1
665.44,1
502,1
305,1
161,1
102,2
123,1
229.13,2
69,1
104,1
571,2
217,1
221,2
21,1
255,1
102,1
2577,1
81.69,1
324,1
214.47,2
234.8,2
772,1
128,3
65,1
36,1
449,1
13,1
184.41,1
501,2
87,1
684.48,3
539.82,2
3728,1
1411,3
114,3
39,1
43,1
5038,2
256,1
1201,1
705,2
581,2
167.6,2
144.89,1
47,1
1787.24,1
565.73,2
216,2
2683.21,1
98,1
72,1
60,1
2744,1
81.32,1
1422,2
468,1
5211.9,2
731,1
655,3
555.53,1
359.77,1
90.98,2
145.77,1
75,1
634.83,2
413,1
132.59,1
1247,2
296,2
153,2
58,1
167,2
125,1
84,1
872,3
215,2
7.01,1
811,3
119,2
28.47,1
536.2,1
12.86,1
549,1
194,1
192,1
230,2
219,2
58,1
53,1
96.33,1
92.28,1
505,1
254,2
58,1
249.71,1
537,2
23,1
357,1
2823,1
300,2
336.13,1
2020,1
148.28,1
771.69,2
78,2
476,1
11,1
63,3
1019,3
290.73,1
2150,1
202.8,2
181,1
223,1
4220.88,1
276,2
161.98,1
209,1
139,2
255,1
45.84,1
104.68,1
3112.17,2
1571,1
236,1
777.33,1
5895,2
248.96,3
120,2
55,2
534,3
97.52,1
83.73,1
469,2
226,1
2750.22,1
210.19,2
198,1
147,1
7.62,1
414.29,1
7032.33,3
16,1
1078,1
76.77,3
12,1
838,1
125,2
63,1
297.17,1
294,1
35,1
27,1
2045.63,1
95,2
171,1
244,2
1154,1
317,2
23,1
263,1
295.64,1
567.67,1
1862.1,3
158,1
332,1
2457.09,1
642,1
77.93,1
2372,3
66,1
328,1
226,1
298,1
250,1
4174.4,2
2098.94,1
257,1
272,1
633,3
184.55,1
11,2
1027,1
501,1
150.74,1
521.06,1
235,1
46.81,1
355.5,1
928,1
154,1
527,1
59,1
162,2
446,1
205.08,2
990.75,1
8,1
5766.3,1
6770,1
305,2
812,1
95.2,1
425,1
93.16,1
192.12,2
3805,1
251,1
1284.44,1
573,1
62,2
1222.86,3
330,1
121,1
204,1
1355.93,1
19,1
129,1
175,1
382,1
575,1
104.81,2
279,1
133,2
76,1
5958,1
305,2
1190,2
257.18,2
482,1
950,1
308,2
115,1
321.32,2
169,1
224.03,1
10,1
2586.47,1
250,1
254,1
112,1
39.66,1
293,1
474,1
1352.56,3
427,2
50,1
132.77,1
433,1
100,1
1025,2
759,1
783.81,2
195,1
168,1
1674,1
295,1
426.13,2
113,1
608.13,1
207.53,1
775,2
589.97,1
405,2
90.65,2
1016,2
763,1
131,1
257,3
300,2
22,1
538.8,2
1001,2
85,1
819.15,1
223,2
274,1
506.06,1
1324,1
2309,2
199.69,1
2,1
273,3
240,1
810,1
525,2
265,3
185.57,2
110,1
180.14,2
126,2
146,1
153,1
215,2
1563,1
688,1
141.64,1
399.06,2
1055,1
38,1
25,2
270,1
607.93,2
1052,2
458.53,1
38,1
3097.08,1
1896.88,1
267.82,3
18,1
64.41,1
75.09,1
326,1
782,2
204,2
133,1
160.68,1
30,1
170,2
634,3
5895.22,2
216,3
3100,2
1438.38,1
251.1,1
71,1
193,2
306.09,2
517.06,1
423.9,1
487.62,1
301,1
315,2
519,3
227,1
2497,2
92.73,1
253,2
606,2
196,2
513.53,2
1426.82,3
276,1
856.86,3
921,1
496,2
765,1
160,1
438,1
651,3
241.07,2
190,2
242,2
439,1
268,1
42,1
8,2
294.01,2
354,1
175,1
93.16,1
25.93,1
278,2
39,1
56,1
1812,1
26,1
265.96,2
105,1
77.55,1
209.07,1
1470,1
83.03,3
2044.75,1
229,2
216,1
606,1
344,1
209.03,1
410.99,2
286,1
58,1
8.92,1
642,1
49,1
145.68,1
158.73,1
544.88,2
62,1
1207,1
307,2
121,2
158,1
580,1
2768.89,1
39,2
73.33,1
314,1
278.92,2
24.43,3
364,1
1704.73,2
752,1
295.45,1
1530,1
294.8,1
288.62,1
40,1
162,1
477,1
232,1
488,1
269,2
207.21,3
46,1
401,2
200.67,2
2257.07,1
670.6,1
271,3
344.31,2
46,1
31,1
1341.33,1
23,1
917,1
3078.87,2
188,1
221,1
89.3,1
226.26,2
1205.95,1
90.6,1
149.72,1
393.35,1
37,1
3213.73,1
404.49,1
3325.33,2
1288.8,1
226.21,1
5788.04,3
274.4,1
98,2
222.63,1
1659,1
207,1
34,1
33,1
717,2
67,1
2754.4,1
402.12,2
264.34,1
146,1
427.85,2
1394,3
167,1
140.29,1
21,1
1197,3
455.9,1
294,1
313,1
1068,1
188.59,1
190,1
12.12,1
130.59,1
79,1
2065.65,3
49.78,2
19,2
35,1
772,3
1241.48,3
277.2,1
2876.87,1
460,1
255,2
388.14,1
487.2,1
217,2
165,1
290,1
297,2
243,2
1988.28,1
56,2
183.9,2
1540.55,3
3609.45,1
961.17,1
21,1
96.6,1
195,1
278,2
226,1
311.75,2
4910.74,2
123.25,1
63.07,1
308,2
480,2
16,1
1800.1,1
1494,2
57.4,1
702.91,2
390.7,1
323,1
87,1
125,1
315,1
2800.13,1
4,1
259,2
318,1
7583,1
2499.63,3
228.9,1
207,1
213,2
89,1
14,1
1500.06,2
861,2
279,1
419,3
414.53,1
108,2
20,1
69.57,1
369.87,1
172.71,2
497,2
234.01,1
174,1
174.99,3
503,2
764,3
713.5,1
51.87,1
218.13,2
278,1
22,1
144,2
244.97,2
1414,2
120.98,1
144,1
6383,1
165.65,2
195,1
600,1
5,1
191.29,2
817,1
222,2
59.91,1
246,2
117,1
1469,3
13,1
31,1
709,1
9,1
25,1
787,1
83.5,3
5165.28,3
150.19,2
229,1
389.91,3
310,2
325.64,1
418,1
252,1
126,1
279,1
1466,1
852.17,3
38,1
6.64,2
181,2
1655.03,1
254,2
302.56,2
253,2
109.78,1
56,1
283,2
41.7,2
4967.21,1
222,1
100,1
38,1
1385.21,2
31.16,1
85,1
383.97,2
53,1
22,1
2899.67,1
335.9,2
208,2
545.85,1
232,1
285.93,1
76,2
344,1
459,1
57,1
207,2
57,1
1439,1
1331,2
5047.83,1
107,1
310,2
16,1
132.31,1
159.71,1
448.87,1
262,1
56,1
274,1
122,1
144,2
274,1
264,1
268.1,2
907.2,1
203.13,1
217,1
1072,1
79,1
343,1
258,1
257.51,2
1438.34,2
284.12,2
276,2
378,1
209,1
450,1
439,1
221,2
66.69,1
454.28,1
357,1
505,1
79.97,1
204.8,2
244,1
43,1
212.42,2
447.26,1
599,1
203,2
296,1
378.93,2
178.52,1
39,1
1213.8,3
342.68,1
47,2
68.27,2
138,1
1870,1
35,2
92.83,2
483.67,2
203,1
3027,3
84,1
297,1
34.07,1
206.2,1
175,1
210,1
56,1
150.19,2
788,1
47.83,3
158,2
250.4,1
475,1
285,2
828,3
546.4,1
44.91,1
245.85,2
2640,1
129,1
188.08,1
31,1
188,1
284,1
341.33,1
501,2
70,1
43,1
150,2
358,1
1578.13,3
70,1
56.47,3
53,1
338.69,1
44,1
278,1
210,1
126.69,2
27,1
50.62,3
1034,1
38,1
249.71,2
257,1
61,1
131,1
98.31,1
101.75,2
231,1
270,2
146,1
744,2
108,1
200,1
905.16,1
1440.19,1
363,1
232.66,1
843.58,3
1324.07,3
161.29,2
331,1
208,2
1006.82,1
68.31,2
687.54,3
229.09,1
659.35,1
2669.32,1
64,2
168,1
176.07,1
836,1
120,1
223,1
131,1
106,1
335,2
277.01,1
265.17,3
43,1
146,1
166,1
176,2
119,1
120,1
310.33,2
210.05,2
2796.24,1
184.09,1
341,2
68,2
148,1
272.83,2
213.48,2
7019,1
33,1
679,2
95,1
91,1
139.93,1
210,2
33,2
66.08,1
988,2
958,2
52.62,1
775.41,3
404,1
43,2
25,1
6,1
166.21,1
218,1
246.8,2
127,2
1033.38,3
2448.27,1
211,1
7891.63,1
2281,2
59,1
3,1
1310,3
274,2
180,2
1773,1
109,1
192,1
596,1
106.77,1
204,1
258,2
5146,1
128,2
63,1
33,1
209,1
3516.52,1
183,1
24,1
465,2
998,3
449,1
192.6,1
3468.5,1
209,2
247,1
5560.71,1
97.13,1
279,2
2733.27,1
347.46,1
224,2
141,2
361,1
326,3
245,1
149.07,1
395,1
64,1
778,1
352,1
171.87,1
32,1
269,1
21,2
63.44,1
118,1
134,1
226,1
2390.87,2
147,1
131,1
355,3
593,1
11,1
32,1
4.97,1
958.89,1
1275,3
219,1
726,1
198.81,2
357,1
61,3
19,1
97,1
9.6,1
212,2
251,1
512.6,2
1007.84,1
478,1
103,1
67.15,1
31,1
184,1
30,1
37,1
1422,2
800,2
208,2
300,3
71.52,1
153,1
106,1
296.19,1
129,2
80,1
126,2
98,1
2250.15,1
180.19,1
103,1
424.6,1
1364.26,1
87.12,1
157,1
181.07,1
2485.32,3
34,2
256,1
521,1
66,1
634,1
773,2
861.09,2
10.08,2
930.8,1
1276.22,1
165.7,1
39.98,1
344.07,1
246.74,2
861.14,3
956.34,1
211,1
386,2
6647.13,1
40,1
416.57,1
717.96,1
1877,2
654.29,1
22,1
98,1
132,2
5907.3,1
352.29,1
777.36,1
290,1
59,1
1082.56,3
98.59,1
46,1
221,2
441.5,1
355.13,1
5,1
6,1
191,1
1808,2
86,1
267,1
219,1
64,1
185,1
4273.08,1
978,3
1872.53,1
37,1
29,1
1882.58,2
31,1
1772,3
91,2
658.61,2
4445.23,2
305,3
171.6,2
770.76,3
247.57,2
167,2
577.71,1
500,1
30.14,2
1173.58,1
46,1
73.98,2
751,3
10,1
134,3
1149,1
3520.98,3
192.4,1
12888.47,2
1521,1
706,1
266,1
85,1
124,1
1686.87,2
3117.47,3
345.37,1
169,1
187.94,1
198,1
192,1
287,2
162.26,1
31,1
76.16,1
20,1
921,2
874.46,1
798,2
181,1
15.09,1
261.92,1
138.93,2
325.33,2
48,1
17,1
152,1
1239,3
205,1
297,2
25,1
930,2
168,2
517.06,1
302,3
150.8,1
5585.75,2
722.65,2
217,1
14,1
237,2
61,1
797,1
127,1
134,1
395,1
123,1
7356,3
197,1
625,1
185,2
85.13,1
225,1
12,1
221,1
17.6,2
21,1
99,1
224.07,2
133,1
466,1
331,1
255,2
397.11,1
22,1
2211.79,3
430,2
327,1
961.35,1
276,1
89,1
139,2
965,1
5869.26,2
90,1
2862.79,1
214,2
167,1
1577,2
350,1
49,1
1136,1
50.11,1
6393.01,2
17,1
57,1
1410,2
12,2
3594.2,1
37,1
132,1
182,1
126,2
114,2
230,1
121.12,1
326.47,2
48.53,2
4618.96,1
70,1
754.14,2
148,2
347.14,2
328.67,2
84,1
13,1
338.07,2
190,2
256,2
75,1
660.24,1
202.99,1
181,1
52,1
161,1
77,1
251,1
208,1
1058,3
45,1
36,1
1960,2
271,1
230,1
261,2
1605.85,2
232,1
130,2
360,1
348.3,2
463,1
247,3
43.28,1
311,2
1788.6,1
336,2
344,2
162.54,2
304,2
400,1
282,2
634,1
5400.4,2
469,1
236,1
260.6,3
306.97,1
220,1
373,1
200,1
1344.85,1
30,1
93,1
178,1
253.93,3
352,2
8224,2
398,1
84,1
253,2
220.64,2
318,2
482.51,2
1316.73,3
9038.32,3
22,1
150.93,1
78.44,1
99.01,1
221,1
81.83,1
101,1
211.95,1
64,3
266,1
40,1
399,1
6889.5,3
785.21,1
4415.37,1
3455.97,1
143,1
18,1
294,2
2155,2
815,2
397,2
8.41,2
785,1
3050,1
25,1
114,1
296,2
456,2
493,1
184,1
112,2
1013.32,1
505.78,2
261,1
156.08,2
391.12,1
155,1
447,3
25.68,1
68,1
216,1
58,1
639.29,1
282,1
1571,1
217,1
237.93,2
49,1
183.86,2
110.71,2
208,1
373,1
251.1,1
389.58,2
317,1
27,2
82,1
2676.52,1
218,1
800,1
230.34,2
39,1
278,2
225,3
234,1
392.74,1
422,1
48.58,1
2,1
195.09,1
247.62,1
24,2
262,1
246,3
28,2
1571,1
295,2
149,2
59,1
288.48,1
102,1
106,1
306,2
61,1
766,2
121.44,2
300,1
88,2
334,1
45.05,1
900.14,2
145,1
194,1
131,1
203,1
287,1
447.4,1
211,2
108,1
561.88,1
48.62,1
88.75,1
90,1
308.69,2
325.4,1
245,1
68,1
161,1
1679,2
33.3,1
12,1
310,2
251,2
254,2
514.6,3
18,1
82,1
15.09,1
244.78,2
222,1
253,2
218,2
358.7,1
17,1
936,3
63,1
80,2
99,1
145.17,2
52,1
251.1,1
177,2
58,2
91.72,2
956.24,3
236,3
195.33,2
255,1
1237.95,1
233,2
290,1
354.57,1
1074,2
1460,2
930,2
239.96,1
14,1
231.64,1
216,1
194.68,1
22,1
95,2
268,2
194,2
4865,1
33,1
20.2,1
17,2
295.36,2
96,1
990.61,1
21,1
60,1
455,1
298.19,2
859,3
61,2
288.67,2
242.97,2
3138.41,3
106,1
891.07,1
128,1
90.19,1
78.07,1
596,1
697,1
19292,2
379,2
156.08,2
45.51,1
272.6,2
204,1
158,2
457,2
107,1
381.46,2
19,2
183,1
236,2
1399.75,3
222,1
235,1
1439.45,3
97,1
12,1
758.55,2
23,1
45,1
1637.19,1
32,1
244.6,1
121,1
4264,1
60,1
176,1
127.57,1
27,1
316,1
67,1
12,1
471.97,3
165,1
846.97,2
92,1
48.67,1
215.71,1
31,1
600.7,1
221,1
25.26,1
44,1
2695.14,1
125,1
228.35,2
310,2
271,1
579,1
379,1
23,1
50,1
113.82,1
161.24,2
29,1
59.81,1
237,2
272,2
5417.41,1
33.62,1
30,3
19,1
1385.35,3
43,1
177,1
1311,1
1858,1
180,1
92,1
151,1
1112,2
218,2
11,1
450,1
80,1
61,2
198,1
462,1
454,3
59,1
273.62,2
240.65,2
36,2
918,1
202,1
2943.97,1
103,1
63,1
930.98,2
130,3
105,1
97.85,2
805.36,1
230,1
167.97,1
600,2
30,2
186,1
177.17,1
104,1
4,1
91,1
293.87,1
244,1
110.33,1
262,1
65,1
199,1
19,2
973,3
417,1
365,1
300,1
4417.36,3
327.93,1
117,2
205,1
140,1
18,1
187,2
437.23,1
3041.81,1
501,1
58,2
409,3
161.01,2
396,2
390,1
647.19,1
25,1
729.39,1
1037.61,1
374,2
254.44,1
383,3
445,1
188,1
2802.93,1
180,1
3352.31,2
2164,3
65.25,2
235.59,1
24,3
376,1
307,2
89,2
438.62,1
492,1
397,1
1012,2
1806.8,3
720.61,1
113,1
71,1
186,1
236.47,2
1009.88,2
5030.84,1
779,2
57,1
319.04,1
330.53,1
980.58,3
300.09,2
44,1
415.8,1
61,1
44.35,3
301,1
60,1
219,1
662,1
408.86,1
415,1
590.95,1
10,1
473,1
264,2
102,1
94,2
1353,2
348.49,3
294,1
5203.92,3
641.89,2
715.92,1
147,2
418,1
4,1
374,2
4760,1
734.31,1
398,3
540,2
65,3
110.11,1
304.07,3
929.08,1
193,1
2234.6,3
28,1
524,1
55,1
229.13,1
93,3
107,1
269,1
128,2
808,1
13,1
26.52,2
381,3
85,1
295,2
2680.09,1
398,1
59,1
199.04,3
600.1,1
2690,1
128,1
1390.83,3
224,1
57,1
642,1
142,1
516,1
220.64,2
294,2
58,1
120,1
215,1
410.13,1
103,2
797,1
121,1
309,2
10,1
250,1
45.28,1
10.59,1
2520,1
297.96,3
103,1
265.5,2
177,2
34,1
272.23,2
1033.6,3
70,1
227,1
165.07,2
65.76,1
98.36,1
115,1
160,1
38,1
196.2,3
20,1
59,1
15.51,1
1048,1
27,1
590.25,3
550.36,2
161,2
258,2
128.22,1
38,1
383.59,1
1210.27,1
458,1
165,1
2882.9,1
376.67,2
187,1
704,1
285.14,1
178,1
360,1
11.93,1
6,1
70.12,2
108,1
240.65,1
29,1
2221.69,3
836,2
102.59,1
720,1
154,1
238,2
1364,2
1425.84,3
1574,1
179,1
25.54,1
277.15,2
2819.23,1
194,1
88,2
346,2
96.18,2
31,2
1912,3
165.56,1
209.07,2
32,2
142,1
24,1
303.16,2
221.33,1
933.67,2
3,1
1218.13,2
73,1
55,1
455,1
80,1
258.86,1
23,1
183.39,1
8856.09,3
117,1
821.75,2
5456.41,1
57.93,1
42.82,2
363,1
395.34,1
5134.44,1
7863.58,1
286,1
166,1
1547,2
71.98,1
244,1
171,1
359,1
82,1
325,1
2926.27,2
273.25,1
537,1
703,1
25,1
260.81,1
20,2
78,2
266,1
280.93,2
25,1
379,1
133,2
174.61,2
177.08,1
1168,1
607.39,2
202,1
119,1
125,3
1005.84,1
130,1
219.94,1
267.12,1
239,1
179,2
307,1
314,2
146,1
1731,3
29,1
50,1
201.13,1
197,1
139,1
334,3
649.14,3
184,1
334,3
334,1
331.3,2
151,2
328.14,1
119.68,2
303,1
78,1
436.07,3
394.88,1
100,1
210.05,1
3464.19,1
494,2
11,1
207.08,1
141,1
123.72,2
132,2
1813.06,1
5359,1
357.91,1
252.22,2
1058.6,1
272.42,1
97,1
2250.47,1
21,1
75,1
59,1
107,1
320.06,1
389,1
22,1
156,1
63,1
164,1
737.84,1
912.45,3
118,1
193,2
413,1
390.19,3
394,1
287.32,1
66,1
3550,3
609,1
208,1
242.79,2
33,1
233,2
68.27,1
526.72,2
64,2
184.07,2
493.75,1
3962.4,1
343.01,1
216,1
226,1
118.7,1
133,1
785,1
120,1
812,3
313,2
277,2
142.9,1
351.27,2
1304.96,2
292,1
496,1
888,1
5367.11,3
139.47,1
7,1
94,1
5.9,1
251,1
733,2
65,1
30,1
255,2
24,1
121.9,1
217.52,2
20.2,1
60,1
288,1
185,1
124,1
1490,1
248,1
2767.21,1
325,1
72,1
521,1
10,1
943.07,3
140,3
11,1
5513,1
60,3
180,2
198.3,2
27,1
168,2
193,1
135,1
163,2
83,3
849,1
81.27,1
356.43,2
973,1
671.15,1
252,1
249,2
805,1
447,2
46,1
29,1
211,1
49,1
705.84,1
98,2
298.19,1
275,1
134,1
258,2
808,1
278,1
67,2
97.9,1
1054,2
167,1
83,1
230,1
41,1
201,1
235.96,1
570.79,2
317.05,1
116,1
255,2
558.49,1
330,2
26,1
619,2
1294.84,1
431.38,1
1280,1
602.93,1
85,1
363.93,1
834.85,3
77,2
428,1
50.02,1
15.93,1
374,1
110,1
234,1
186,1
212.04,2
106,1
586,2
90,1
135,1
61.39,1
2105.12,1
1569,1
328,1
731.57,2
172,1
54.06,1
652,1
2814,2
250.47,1
743,2
957,1
17,1
111,1
119,2
1672.86,2
89.35,1
311,3
2814.21,3
9186,1
191,2
901.93,1
364,1
260.71,1
104,1
78,1
197,2
532,1
20,2
310,2
822.36,2
208,1
602,1
77,2
44.16,1
360.61,2
224.77,2
8,2
2,1
293,1
125.25,2
270,2
25.87,1
277.06,1
7,1
28,1
223.75,1
33.95,1
17,1
198,1
15,1
5288.48,2
1822,3
822.36,1
1418.88,1
3842,2
271,2
122.09,1
252.03,1
154.18,1
889,1
422.51,2
8,1
55.64,1
224,2
497,1
212,2
57,1
651,3
37,1
885.24,1
622,1
707.6,1
1459.37,2
379,2
234,1
88.28,1
646.26,1
81,3
342.77,2
139,2
207,1
2380,1
170.57,1
158,1
85,2
3628,1
7558.79,2
264,2
572,1
383.36,2
25,1
190,1
329,1
189,1
62,1
4469,2
725,1
431.98,2
235.68,3
32,2
203.17,1
97,1
352,1
214,1
6.83,1
386,1
148.53,2
120.09,1
280.08,3
202,2
20,2
151,1
108,1
3282,1
33,2
5.73,3
569.21,1
529.93,3
180,2
419.17,1
15,1
104,2
229,2
136.86,1
567,3
311,2
154.92,1
240,2
1005,2
17,1
198,1
168,2
158,1
148.56,2
208,2
118.84,1
4122.52,2
2730.16,1
235,1
31,1
18,1
1765.83,1
1251.67,1
384,2
1025,2
30,1
286,2
26,1
250,2
220,1
34.04,1
92,1
2247,2
16.72,1
481.54,1
9,1
157,2
460.03,2
300,1
125,1
53.41,2
120,1
288,1
148,1
89,2
114,1
343,1
5535.08,2
661.49,2
302,1
171,1
178.84,1
87,1
95.9,1
182,1
222,1
80,2
186.6,2
138.11,1
736.68,1
295.8,1
4.55,2
1149.85,1
103,1
639,2
300,1
2533.95,1
363.67,1
89,1
60.93,2
137.69,2
71,1
409.51,2
116.24,1
829.8,1
87.63,2
788.36,1
91,2
40,1
316.67,1
44,1
166,1
1606,1
201,2
55,1
267,1
163,2
422,2
344,2
892,3
300,1
222,2
32,1
300,1
1577.33,1
9,1
320,2
8267.42,2
145.6,1
125.53,1
1585.47,1
225.14,2
419,2
153.95,1
1637,1
48.3,2
62.53,2
171,2
1432.47,1
45,1
77.93,1
640,1
2786.95,1
668.13,1
191.38,1
2677,1
109.73,1
3160.05,2
179.82,1
1727.94,3
862,1
222,2
1460.16,1
138,1
1879.05,1
234,2
373.01,1
221.33,1
600.33,2
386,3
138,1
99,2
206.33,1
2273,1
3020.22,1
1379.03,1
62,1
57,2
31,1
12,1
177.47,2
56,1
658.75,1
346,3
288,2
823,1
780,3
236,2
575,1
203.93,1
213.48,1
636.83,1
2566,1
1032,1
52,2
907,1
1469.27,1
3996,2
293,1
12,1
598,1
270,1
125,1
131,1
808.13,2
625.73,2
36,2
1698.63,1
231.08,1
90,1
764.35,1
240,1
772.48,1
203,1
669,1
1593,1
294,2
139.88,1
232,2
294,1
7475.01,2
15,1
391.4,1
38.17,1
99,1
38,2
28,1
1456,2
185,1
28,1
59.91,1
35,3
1444,1
843.58,1
619,2
249.38,1
196,2
1596.28,2
132,2
128.87,2
2364,1
288,3
482,2
18,1
665,2
127.01,2
88,1
67.38,2
5305,1
148.84,2
44,1
2126,2
216,1
19.5,2
54,1
90.37,1
287,2
152.69,1
739,1
180.79,2
2860,1
164,3
480.7,1
113,2
361,1
202,3
89,1
161,2
116,1
1640.86,1
340.17,2
78,1
1671.98,1
311,3
163,1
546.13,1
91.12,3
101.56,1
122,2
328,1
211,2
965.16,1
21.5,3
1620.2,2
180,1
1407.83,1
16,1
65,3
281,1
102.6,2
7.11,2
180.05,1
2227,1
82,1
37,2
195,1
3842.81,2
266.2,2
263,3
540.73,3
181.53,2
900,1
291,1
225,1
316.26,1
349.32,1
122.97,1
132,1
66.78,2
686.06,2
207.26,1
22,1
1630.23,3
300,1
238.28,1
422,1
94,2
284.07,2
304,2
63,1
1395.29,2
185,1
342,2
249.29,2
62,1
3386,1
99.8,1
207.08,2
90.51,1
36,1
216,1
28,1
301,1
416,1
142.07,1
152.74,3
2129.97,1
28.37,1
58.33,1
1217,1
1408,1
376,2
310,3
154,1
7198,2
434,1
90,1
205,1
2407.17,2
654,1
205,1
227,1
30,2
300.05,1
1278.82,1
68,1
645.98,2
220,1
46,1
176,1
98.08,1
2553.03,1
316.07,2
381,3
38,1
180,1
1937.43,1
234.66,1
9.93,2
287,2
56,1
53,1
471.67,2
6629.07,2
110,1
197,1
70.36,2
209,2
47,1
5605.16,1
380,1
127,1
153.76,1
31,1
344,1
84,1
212,1
822.31,2
300,1
178,1
137.93,1
70.08,1
74,1
249.15,1
98,1
229,1
21.92,2
626.71,1
231.08,1
397.15,1
45,1
116,1
9862.13,1
129.29,2
195,1
211,1
85,1
69,1
136,1
83.73,1
253.56,1
116,1
278,1
1494,1
15.19,1
316,2
321,2
315,1
372.13,1
117.12,2
416.15,1
97,2
165.6,2
90,1
206.66,1
163,3
61,1
1533,1
425,1
48,2
45,1
15,1
200.39,2
74,3
158.17,1
2646,2
1413.03,1
328,2
531.32,1
224,1
72,2
2425.51,1
16,1
2178.36,1
229,1
898,1
203,1
279.48,2
243,1
183,1
160,1
15.14,2
170,1
258,1
338.92,1
147.31,1
6519.1,2
59.91,1
261,1
146,1
992,1
25,1
593,2
181,1
109,1
1571,1
88,1
74.73,2
492,1
416,1
137.09,1
117,2
10,2
19,3
21,2
879.85,1
189.53,1
211,2
444,1
153,1
1105.87,1
1939.07,1
18,1
256.27,2
172,1
555,1
50.16,1
85.54,1
29,2
4115.78,2
1249.19,3
5773.73,2
1174,2
5707,1
255.05,1
364,1
148,1
43,1
96,1
77,1
462,1
78.53,1
348,1
274.78,1
686.34,1
917.6,1
1827,2
119,1
286,1
219,1
172,1
1976.93,2
698,1
394,1
3053.98,3
137,1
3746.8,2
369,1
42,1
497.09,3
85,1
69,1
143,1
1301,1
901,2
375.84,1
235,2
10,1
400.13,1
259.41,1
30,1
448,1
333,2
3540,1
425,1
298.56,1
96,1
269,2
30,2
245,2
166,1
102,2
270,2
30.98,1
3755.73,2
846,1
727,1
67.73,1
597,1
80,1
31,1
203,1
132,2
2759,1
131.98,2
473.92,2
30,1
160,2
3701.68,1
5763.75,1
43,2
209.77,2
32,1
259,1
33,1
239.35,1
269.82,1
320,1
59,1
4151.12,2
40.45,1
66,1
59.81,1
451,1
121,1
61,2
208.61,1
29,1
89,1
1376,1
82,2
247.94,1
391.95,1
362.13,2
302,2
117,3
104,2
311.75,1
54,1
1739.87,1
600.93,1
310,1
735.67,2
2739,1
312,2
253,2
260.67,1
411.8,1
275,1
1482.13,3
1448.14,3
488.73,3
1780,1
282,2
279,2
230,1
1786.87,3
3958,2
137,2
1189.79,2
1711.87,1
30.42,2
116.52,1
104.35,1
287,2
237.13,2
32,1
254,2
22.43,1
56,1
129,2
61.11,1
1639,1
326,1
1346.11,1
91,2
249,2
425,1
80.25,1
469.79,1
332,2
1196.71,1
993,2
524.77,1
241,1
277,2
304,1
319,2
926,1
34,1
116,2
3364.94,2
1936,1
247.48,3
152.09,1
97,2
70,1
223.7,1
101.19,1
1646.71,1
163,1
297,3
64,1
194,2
7595.34,1
124.6,2
581.15,2
33,1
53,1
395,1
152,1
550,1
73,2
1645,2
21,1
169,1
247,1
44,1
344,2
1320.15,2
61,3
530,1
30.51,1
1054.46,1
21,1
96,1
1501.45,1
455,2
742,1
120.88,1
199,1
1710.6,3
275.53,1
85,1
695,2
167,1
275,1
41,2
2656.27,2
271.53,2
1785.06,1
8.87,1
1598,3
781.07,1
142,1
419,1
1441.17,1
136,1
317.23,1
3073.21,2
2016,2
582.36,2
281.15,2
549,1
256,1
624,3
901.91,1
278.96,1
321,2
283,2
2569.2,1
520,2
490,2
1253,1
652,2
833,2
922.99,1
78,1
218.78,1
198,2
60,1
332,2
160,1
228,2
289,1
94,1
255.56,1
140,1
3101.63,1
53,1
350.99,2
288.9,2
762.4,1
476,1
155,3
1493,1
305,1
680,1
237,2
48,1
147,1
283.56,2
5294,2
636,1
208,2
508.47,1
186,1
91,1
403,1
418.28,1
232,1
68,1
446,3
414.47,1
532,3
1200,1
556.81,1
779.4,1
118.98,1
304,3
60,2
304,1
87,1
33,1
23.68,1
230,2
95,1
211.95,1
414,2
1773.33,1
254.44,2
32,1
60,2
7,1
188.22,2
558,1
540,1
527,1
1712,1
221.24,1
220.08,1
18,1
319,1
13.8,1
208.05,2
1565.3,3
6,1
1076,1
217,2
242,1
7583,2
495,2
380,1
20,1
192,2
75,1
149,1
1308,3
68,1
55.87,1
479,2
351,1
215,2
728,1
716,1
393,1
274,1
424,1
81,1
149,2
863,1
249.33,1
86,2
284,2
1652,1
37,1
332,2
44,1
29,1
1637,2
329,1
483.49,1
98,1
195.7,1
173,1
213,2
382.01,1
819.71,1
268.52,2
65.43,1
15.14,1
124,1
45,1
242,1
873.16,1
391,2
1439.03,3
1590.43,2
14.93,1
204,1
499.09,1
211,3
836.07,1
689,1
128.64,2
225,2
298.14,1
231,1
1419.02,2
255.79,1
540,1
362.09,2
176.29,3
98,1
646,2
354,1
83,1
58,1
176,1
225,1
6091.99,1
363,1
2061,1
271,2
106,1
344.44,1
34,1
126,2
128.27,2
151,1
352.9,1
252,1
1990.07,1
600,1
23,1
275,1
1038.72,2
4556.03,2
19,1
1813.39,1
1437,1
424,2
2644.47,2
45,2
302,2
2.87,1
631.91,1
334.13,2
37,1
692.98,1
151.47,1
133.1,1
10.54,1
276,1
283.6,3
70,1
59,1
5481.86,2
273.11,1
129.4,1
118,1
250,1
112.9,1
865.69,1
1677,1
239,2
26.89,1
934.73,1
265.17,2
191,1
594.06,2
185,1
43200,1
1415,2
181.07,1
75,1
3687.33,1
14.8,1
234.57,2
46,1
533,1
1574,1
1065,1
173,2
115,1
36,1
2853.64,3
810.33,3
181.86,1
533.83,3
299.31,1
228.81,1
10,1
76,1
65.25,1
360,1
231,1
308.31,1
314.49,1
3302,3
184,1
288.76,1
275.81,2
1483,1
905.07,1
283.14,1
270,1
1263,1
1246.03,1
62.6,1
47,1
55,1
339.89,2
1,1
118,1
381.83,2
1640,2
330.79,2
135,1
908.09,1
108,1
258,2
3122.94,3
251.15,2
63,3
3807.1,2
304,1
339.06,3
230.34,1
543,1
107,3
2272.8,1
49,1
138,1
15,1
2955,1
209,1
74.35,1
388,2
313.05,1
76,2
30.84,1
145,1
55,1
13,1
247.06,3
440.11,1
630.7,2
293,1
5399.24,1
56,1
270.98,2
20,1
64,1
3098.84,2
808,1
87.77,2
139,2
34,2
506.61,1
30,1
189,1
36,1
255.07,2
81,2
81,1
3067,1
47,1
408.02,1
192.03,2
556,1
51,1
128.08,1
571,2
1945.93,2
81.18,1
400,2
75.09,2
29,1
65,1
75,2
876,1
184,1
97,1
350.67,1
9,1
951.83,1
183,1
417,2
94,2
60,1
29,1
614,2
228.11,1
494,2
245.53,1
2523.92,2
447,2
285.74,1
18,1
438,2
463,1
43,1
80,3
1479,1
200,3
514.6,2
8.03,2
197.51,1
334,2
4074,2
318.35,2
254.82,1
285,1
119,1
29,1
305.62,2
230,2
1275.05,1
1287.78,1
40,1
137.65,1
368,2
33.58,1
2276.3,3
63,1
40,1
288,2
136.95,1
264,1
18.76,2
116.33,1
29.81,1
4108.54,2
88.1,1
7,1
297.17,2
8,3
99,1
1167,3
15.37,1
182.83,1
1040,2
524,2
520,3
304,3
317,1
42,1
10279.75,2
209,1
296,1
643.38,1
2896.92,3
8262.26,1
10.87,1
21.08,3
1710,1
67,1
32,1
53,1
235.4,1
709.23,1
160.68,1
339,1
185.53,2
197,1
58,1
1005,1
27.96,1
196,2
18,1
266.1,3
606,3
6,1
43,1
202.73,2
2946.98,1
310.96,1
183,1
579.34,2
235,3
289.18,1
1090.08,3
232.62,2
77,1
27,1
15.28,1
328.56,1
248.93,1
596.33,1
36,2
15,2
249,1
996,1
162.6,1
170.16,1
153,2
34.32,3
269.21,1
280.26,2
499.97,1
9,1
564,1
3449.23,1
1700.3,3
431,1
268,2
218,2
437.65,2
202.9,3
81.22,2
265,1
164.82,2
450,2
105.13,1
284,1
299,1
392.51,2
86.47,1
244,2
553,1
70,3
547,1
2339,1
140,1
182.88,1
84.1,1
3819.13,1
58.84,1
1891.73,2
163.84,2
13,1
241.58,2
129.57,1
204,2
86.89,1
100,1
243.3,2
318,1
220,1
227,1
115,2
1212,1
207,1
140,1
257.2,1
560,1
451,1
49,3
1693,1
189.52,1
367,3
136,1
95,1
129,1
335.9,1
301.02,1
276,1
381,3
407,3
1790,1
23,1
108,1
86,1
476,1
190.08,1
30,1
395.16,1
870.24,1
37.43,1
176.98,2
280.03,1
781,1
236.07,2
555,2
227,2
66,1
150,1
60,1
16,1
332.09,2
228.4,2
32,1
300,1
2945.73,1
16.27,1
708.49,1
216.92,1
533.27,2
752,1
41,1
44,1
526.93,3
245,1
306,1
95,1
147,1
139,1
125,1
291.13,2
951,2
215,2
181.53,3
257,1
110,1
136,1
60.05,1
303.67,1
195,2
991,1
326,1
292,2
298.19,3
296,2
1747.3,3
562,2
296.1,2
5469.83,1
243.72,2
12,1
235,2
1786,2
135,1
1200.1,1
290.2,1
526,3
327.87,1
373.07,2
1370,2
1762,3
950,2
53,1
199,2
109,2
381.64,1
673.89,2
209,1
4458.74,2
451,1
259.92,3
136,1
502,3
466,1
450.28,3
230,1
53.92,1
70.12,2
687.4,1
215,2
967.53,1
1491.4,2
76.47,1
83,2
266,1
3012.6,2
249,2
895,1
58,1
106,1
109,1
17,1
520.08,1
602.88,1
119.26,2
480,2
386.89,1
40.91,1
996,2
472.48,2
112,2
111,1
626.85,1
83.68,2
2118,1
430,2
234.01,1
207,2
22,2
70,1
1573,1
79.09,1
35,1
720,2
900,1
339,1
236,2
335.67,1
200,3
1150,1
215,1
2106,3
1616.11,1
387,1
168,1
113,2
3258,1
104,1
716.34,2
65,1
2389,1
1562.38,1
162,2
313.67,2
205.08,3
255.13,2
25.45,2
15,2
320,1
3506.93,2
43.56,1
229.23,1
127,1
367,2
2986.74,1
102.73,1
50.94,2
3316,1
74,1
3167,1
57.13,1
278,2
251.05,1
20,1
53,1
78,1
414,2
1056.88,1
185,3
427.85,1
201.32,1
393,2
1099,3
163.8,3
224,1
1024,1
75,2
60,1
543,1
592.4,1
1952,2
293,1
486,1
7.52,1
23,1
346,1
285,2
264.94,1
164,3
227.32,2
71.47,1
232,2
5010,2
51,1
1186.68,3
310,1
81,1
50.94,1
1720.74,1
224.95,2
2609.41,1
2831.77,3
92,1
2098.25,1
268.24,2
50,1
248,1
680,1
925,1
469.88,1
466,2
1264.09,3
452,3
78,1
251.66,2
3647.47,1
83,1
207,2
1980,3
545,3
219,1
62,1
732.17,3
289.79,1
108.11,1
118.6,2
81.18,1
139,1
403.14,1
243.11,2
5104.4,1
266,1
255,2
1877,2
691,1
238,1
368,1
886,2
172,1
92,1
14,1
254.35,1
103,3
264,1
788,1
48,1
185.25,1
222,2
193,1
504.01,2
4462,3
168,1
5607,1
306,3
1500.24,2
528,1
23,1
6.4,1
3100.33,3
376.26,1
35,1
212,1
18,1
118,2
905.62,2
1607,3
186,1
1194.43,1
319.65,2
445,1
71,1
418.7,2
91,1
131.42,1
196,1
17,2
1628.79,1
144,3
600,1
186,3
35,2
55.91,1
619,1
198,1
475,1
464.49,1
453,1
53,1
233.31,1
77,1
139,2
332,1
218,1
3481,2
215,1
1417,1
383,1
30,1
172,3
102.73,2
1171,3
172,1
196.77,2
846.51,1
961,3
306,2
255.74,2
237,2
150,1
689,1
1091,1
178,1
1275.24,1
370,3
2662,1
155.34,3
46.9,2
4888,3
26,2
549.99,3
27,1
111,1
247,1
1748,1
247,2
715,1
2139.44,2
405,1
101.07,1
9,1
57,2
18,1
100,1
3158,2
1054.37,2
24.98,1
234,3
126,2
15,1
153,2
244,2
332,2
74.03,2
19.27,1
226.58,2
2632.17,1
284,2
222.82,1
222.17,1
600.93,1
2099.93,1
131.19,1
292,2
273.11,1
2738,3
25,1
32,1
16.35,1
18,3
231.64,2
184,1
61.58,1
57,1
641.47,1
5677.28,1
698,2
20,2
93.9,1
649.73,1
7537,1
4566.11,2
256.16,1
38.22,1
1111.77,1
31.13,1
867.36,3
197.18,2
229,2
387,2
374.72,1
713,1
22,2
338,2
270,1
110,1
311.1,1
212,2
1362.96,3
24,1
70.82,2
2365.51,1
806,1
967.2,2
893,2
1718,2
34,1
457.48,1
276,1
1608,1
30,1
229.09,2
118,1
28,1
751,2
81.08,2
74.86,1
34,1
2139.2,1
166,2
246,1
26,1
198.53,1
236.05,3
1709.82,1
103,1
1210,1
178,2
60,1
1119.57,2
1447,1
1222,1
24,1
377,1
137,2
18,1
171,1
284.31,2
150,1
197,2
208,1
62,1
76,1
241.95,1
10,1
244,2
198.95,1
237,1
245,2
259.41,3
196,1
386,2
20,1
29,1
11.47,1
231,1
969,2
570,1
389.4,1
720.14,2
162,1
34,1
245.57,1
1929,1
73.89,2
20,1
229,1
1152.59,3
267,2
37,1
134.58,2
1135,1
50.25,1
912,1
29,1
305.3,1
301,3
64.18,2
1830,1
304.04,1
401,1
1052,1
265.78,2
628.8,1
281,2
128,1
40.33,3
24,1
256,1
48,1
162,2
7.2,1
180.2,1
628,1
143,2
64.93,1
59,1
35,1
51,1
299.96,1
218,1
208,1
353,1
336,3
64,2
355,1
2367.18,2
627,1
287.07,1
26,1
284,1
829,2
281.98,1
132.21,3
394,1
16,2
101,1
1651.87,3
276.46,1
823,3
261,2
779,1
108.48,1
310.45,1
195,1
293,1
175,1
2864.97,1
585,2
224,1
142.25,1
181.12,1
257.2,1
193,2
105,1
78.53,1
170,1
96,1
225.37,2
49,2
58,1
317,1
425,1
235.73,2
118,2
584.4,1
1393.06,2
385,1
9969.49,2
274,1
1341,1
199,1
346,2
13.51,1
172,2
9,1
211,1
402,1
563,1
300,1
523.8,1
331,2
12,1
3216.38,3
233,2
708,1
229.69,2
378,1
235,1
110.85,1
6,1
261,3
1789.61,1
63.85,2
3932.72,1
308,1
1144,1
51,1
234,1
1754.5,3
675,1
768.12,3
174,1
295,2
640,2
502,3
63,1
361,2
291.27,1
74,1
148,3
1469.41,3
363,1
69,1
36,1
10,2
631.4,1
83,1
299.91,1
281,2
402.6,1
231.32,1
92,2
382,2
620.95,1
263,2
263,1
41,1
97,2
61,1
206,1
232,1
32.6,2
556,1
55,1
770.93,3
3710.92,3
3025,1
390.37,1
2166.33,3
2872.45,1
32,2
101.29,2
1189,1
1973.32,1
111,1
315.65,2
244.09,1
7.71,3
709,1
67,1
222,2
1067,1
196,1
120,1
575.25,1
327,1
1898.74,1
20,1
218,1
187.13,2
404,3
867.73,2
198.58,2
338,2
382,1
129,2
1209.62,1
215,2
27,1
61,1
303,1
233,1
19,1
349.92,1
124.09,2
97,1
3105.85,1
266.7,1
49,1
216,3
3239.56,2
471.32,2
255,2
673,1
264,1
17,2
238,1
329,1
115,1
405.05,2
1066.49,2
94,2
1352,1
13,1
31,1
224,2
25,1
197,1
60.56,1
1967,2
442,3
1400.81,1
177,1
57.54,2
59.95,1
180,1
15,1
364,1
3261.52,2
322.94,1
1043.5,2
248,1
7,2
41,2
155.53,1
233.55,2
35,1
146.98,1
300.93,2
83.59,1
162,2
373.6,3
205,1
103,2
29.81,2
122.83,1
92,1
176,3
1112,3
266,1
110.94,2
40,1
45,1
50,3
64,1
175.54,1
3,1
62,1
150,2
707,1
412,1
178.93,1
349.27,2
30,1
582,2
1578,2
174,3
41,1
1500,1
398,3
534.11,1
269,1
404,1
247,1
249,1
203,1
1421.71,2
972,2
617,3
203,1
692,1
525,1
7,1
228,2
61,1
20,1
281,2
381.69,2
220,1
133,2
201,2
56,1
108.62,1
2730.16,1
78,1
116,1
124,2
210,1
35,3
174,1
394.83,1
77.23,2
1155.73,1
103,1
336,1
181,3
1045.04,3
359,1
51,1
3340.73,2
97,1
47,1
43,1
6590.29,1
8141.98,1
227,1
805.2,1
451,1
22,2
452.6,1
315,1
150,1
161.24,1
258.21,1
246,1
180,1
677,1
134.63,2
238.75,1
58,1
271,2
206,2
52,1
18,1
2361,1
189,1
1634.5,3
369.57,1
393.53,2
7200.32,1
11,1
177.12,1
1542.97,2
210,2
416,1
190.08,1
175,2
1518,1
172,1
413.5,2
113,1
378.07,2
3238.87,1
555.56,2
227,2
524,2
19,2
94,2
187,1
116,2
88,1
27,1
1185,1
867,3
1,1
326.4,1
2545.7,1
3992.9,3
16,1
283.14,1
149.07,2
37,1
1633.9,1
2246,1
514.88,1
175,1
293.59,1
59,2
71,1
83.64,2
45,1
53.93,1
280.31,1
120,3
80,1
87,1
117.68,2
139,1
5061.3,2
141,1
316.63,1
4671.3,3
24,1
369.57,1
348.9,1
313.87,1
375.19,1
835,1
152,1
225.61,2
120,1
303,1
208,1
8,1
2566,1
163,1
332.65,2
33,2
222,1
469.14,2
278,1
160,2
123.34,1
72,1
117,1
57,2
295,1
2695.84,1
426.09,1
97,1
2240,3
240.4,1
102,1
463.13,2
197.74,1
40,2
43,1
240,1
187,1
981.83,1
618,1
125.9,1
176,1
579.62,3
205.91,2
242.04,1
8,1
1507.49,2
151,1
652.81,2
712,2
35,2
422.6,2
40,1
110,1
304,1
1143,1
341,2
185.62,2
96,1
51.92,1
1184,1
60,1
3490,2
1428.07,1
1200.87,3
568.56,1
2157,3
177,1
17,1
65,1
10,1
2004.44,1
76,1
76.27,1
31,1
281,1
118.93,2
631.63,2
41,1
105,1
105,1
327,2
492.77,1
868,1
212.18,2
443,2
368.83,1
663.81,1
66.53,1
1409.17,3
268,1
96,2
719,2
269,2
57,1
203,1
2205.4,2
58.37,2
151,2
28,1
166.07,1
278,2
3617,2
269,1
144.89,2
0,1
225,2
279,2
1516,3
124,1
605.62,1
8.78,3
327,2
583.8,1
218.22,2
146,1
114,2
157,1
2261,1
39.98,1
935.8,2
133.84,2
92,2
1964,1
3780,2
76,1
128,1
2324.41,2
288,1
305.67,1
3182,2
61.81,1
379,1
16,1
2232.8,2
74.03,2
95,2
575,3
223,1
6731.51,2
880.55,1
307,3
750,1
307.9,3
9,1
389.91,1
245.99,1
187,1
465,1
432,1
824.03,1
68,1
1178,3
2233.2,3
2726,1
1129.23,1
17,1
255.88,1
123.07,2
22,1
230,1
13,1
31,1
81.55,1
148.93,1
286,1
48,1
56.94,3
113,3
43,1
276.27,1
140.95,2
140,1
207,1
629,1
164,1
229,1
22,1
85,1
136,1
259,1
175.17,2
117,1
259,2
2161.36,1
47,1
91.25,1
288.11,1
146,1
320,2
253.42,1
279,2
549.57,1
802.06,1
1890,2
350.85,1
177.82,1
291.87,1
8163,2
178.05,1
153,1
6850.54,2
64,1
245,1
55.45,1
180,1
43,1
15.09,1
603,1
794.31,1
2467.14,1
2005.65,2
252,1
78.48,2
78,1
827.14,2
60,1
25,1
2789.97,1
248.59,1
158,1
445.59,2
60,1
246.83,2
89.63,1
2697.67,1
1630.23,3
425.85,1
163,1
307,1
5826.77,3
29,1
57,1
106,2
173,1
578,1
118,1
346,3
1858.01,3
55,2
589,2
26,1
88,1
114,2
252,1
443,1
296,2
201,1
56,1
1690,1
148.56,1
1365.75,1
153.95,2
2175,2
10,1
242,1
976.91,2
131,2
106,1
506.4,1
402,2
69.1,3
1886,1
61,1
31,1
232.76,1
25,2
444,1
499.09,1
552.08,1
164.03,1
299.87,1
1899.67,3
1804.24,3
143,1
350.48,1
358.93,1
224.07,1
206.15,1
167,1
16.07,1
203,1
265.82,1
286,3
100,1
181.8,1
1462.21,1
26.94,1
34,1
40,2
42.17,2
243.6,1
113,1
101,1
42.12,1
730.04,1
42,1
12,1
77,2
226.67,1
155,1
25,1
2376.05,1
267,2
7579,2
369,1
180.74,1
422.19,2
278,1
417.03,2
321,1
296,2
135,1
402,1
347,1
12.63,3
2368.07,1
155,1
26,1
202,1
331,1
1422.97,1
144,1
1146,1
47,2
3689,3
536,1
405.14,3
1120,1
172,2
667.11,2
31,2
26,1
236,2
234,1
157,2
263,2
3976.19,2
475,1
312,1
603,2
1534.42,1
31,1
55,1
141,1
463.66,1
429,1
279.6,1
180,1
874.09,1
199,1
1618.85,1
188.41,1
592.48,2
64.41,1
261,1
203,1
1,1
1505.16,1
205,1
256.35,2
184,1
343,2
1075.59,1
6502,1
94.92,1
17,1
7724.4,1
250,2
13760.93,2
30,2
84.27,1
1193.18,1
228,2
58,1
139,2
67,1
1839,1
38,1
124,1
524,1
283.24,1
370.67,2
377.74,3
11701.56,3
64.97,1
122,2
265,1
356,3
112.76,2
248,2
1690.92,1
176,1
226,2
6,1
567,1
20,1
306,1
51,1
251.07,1
76,1
5186.5,1
23.5,1
289,1
1059.11,1
61,2
553,1
1479,1
226.26,1
706,1
349,1
3600,1
257,1
298.98,2
683,2
1357,1
3630,3
200.25,2
142.01,2
302,1
524,2
227,2
53.68,1
1101,1
1077,1
77,1
3521.03,3
245.76,1
209,1
1189.98,2
148.2,2
339,1
219,1
509.86,1
120,1
1061.62,1
196,1
175.12,2
568,1
1768.25,1
208,1
141.41,1
